company_name,cin,sector,cohort,financial_year,engine_probability,engine_score_0_100,engine_risk_band,audit_probability,audit_score_0_100,audit_risk_band,engine_audit_gap,model_alignment,rule_flag_count,critical_rule_count,decision_bucket,latest_overall_risk_percentile,latest_sector_risk_percentile,latest_engine_rank,imputed_feature_fraction,top_reasons,rule_flags_triggered,support_summary,engine_model_name,audit_model_name,engine_model_version,audit_model_version,engine_threshold,audit_threshold,engine_class,audit_class
Simbhaoli Sugars Ltd,L15122UP2011PLC044210,FMCG / Foods / Agro,defaulter,2023,0.7522079177745526,75.22,High,0.737623234618451,73.76,High,0.014584683156101619,agree,4,2,urgent_review,100.0,100.0,1,0.0,"Interest coverage is below 1, suggesting operating earnings may not comfortably cover finance costs. | Net profit margin is negative. | Revenue trend over the available years is negative.",weak_interest_coverage|negative_profit_margin|declining_revenue_trend|declining_cash_flow_trend,"ML probability 0.752 against threshold 0.400. 4 rule-based red flag(s) were triggered. Key reasons: Interest coverage is below 1, suggesting operating earnings may not comfortably cover finance costs.; Net profit margin is negative.; Revenue trend over the available years is negative.",hist_gradient_boosting,logistic_regression,tier1a_v1,tier1a_v1,0.39999999999999986,0.4199999999999998,1,1
REI Agro,L14200WB1994PLC104573,FMCG / Foods / Agro,defaulter,2016,0.7522032631265149,75.22,High,0.7387286819020332,73.87,High,0.013474581224481641,agree,5,2,urgent_review,99.0,85.71,2,0.0,"Interest coverage is below 1, suggesting operating earnings may not comfortably cover finance costs. | Net profit margin is negative. | Revenue trend over the available years is negative.",weak_interest_coverage|negative_profit_margin|declining_revenue_trend|declining_cash_flow_trend|rising_borrowings_trend,"ML probability 0.752 against threshold 0.400. 5 rule-based red flag(s) were triggered. Key reasons: Interest coverage is below 1, suggesting operating earnings may not comfortably cover finance costs.; Net profit margin is negative.; Revenue trend over the available years is negative.",hist_gradient_boosting,logistic_regression,tier1a_v1,tier1a_v1,0.39999999999999986,0.4199999999999998,1,1
Unity Infraprojects,L99999MH1997PLC107153,Infrastructure,defaulter,2016,0.7522010608479259,75.22,High,0.7386645475505969,73.87,High,0.013536513297329078,agree,8,4,urgent_review,98.0,100.0,3,0.0,"Interest coverage is below 1, suggesting operating earnings may not comfortably cover finance costs. | Debt-to-equity is above 2, indicating elevated leverage. | Operating cash flow is negative despite positive revenue.",weak_interest_coverage|excessive_leverage|negative_operating_cash_flow|negative_profit_margin|declining_revenue_trend|rising_borrowings_trend|leverage_spike|margin_drop,"ML probability 0.752 against threshold 0.400. 8 rule-based red flag(s) were triggered. Key reasons: Interest coverage is below 1, suggesting operating earnings may not comfortably cover finance costs.; Debt-to-equity is above 2, indicating elevated leverage.; Operating cash flow is negative despite positive revenue.",hist_gradient_boosting,logistic_regression,tier1a_v1,tier1a_v1,0.39999999999999986,0.4199999999999998,1,1
IVRCL Limited,L45201AP1987PLC007959,Infrastructure,defaulter,2016,0.7521966615934788,75.22,High,0.7342177265866229,73.42,High,0.01797893500685588,agree,8,4,urgent_review,97.0,94.12,4,0.0,"Interest coverage is below 1, suggesting operating earnings may not comfortably cover finance costs. | Debt-to-equity is above 2, indicating elevated leverage. | Operating cash flow is negative despite positive revenue.",weak_interest_coverage|excessive_leverage|negative_operating_cash_flow|negative_profit_margin|declining_revenue_trend|rising_borrowings_trend|leverage_spike|margin_drop,"ML probability 0.752 against threshold 0.400. 8 rule-based red flag(s) were triggered. Key reasons: Interest coverage is below 1, suggesting operating earnings may not comfortably cover finance costs.; Debt-to-equity is above 2, indicating elevated leverage.; Operating cash flow is negative despite positive revenue.",hist_gradient_boosting,logistic_regression,tier1a_v1,tier1a_v1,0.39999999999999986,0.4199999999999998,1,1
Visa Steel Limited,L51109OR1996PLC004601,Steel & Metals,defaulter,2021,0.7521908326812532,75.22,High,0.7383736060794852,73.84,High,0.013817226601767985,agree,6,2,urgent_review,96.0,100.0,5,0.0,"Interest coverage is below 1, suggesting operating earnings may not comfortably cover finance costs. | Net profit margin is negative. | Revenue trend over the available years is negative.",weak_interest_coverage|negative_profit_margin|declining_revenue_trend|declining_cash_flow_trend|rising_borrowings_trend|margin_drop,"ML probability 0.752 against threshold 0.400. 6 rule-based red flag(s) were triggered. Key reasons: Interest coverage is below 1, suggesting operating earnings may not comfortably cover finance costs.; Net profit margin is negative.; Revenue trend over the available years is negative.",hist_gradient_boosting,logistic_regression,tier1a_v1,tier1a_v1,0.39999999999999986,0.4199999999999998,1,1
Shree Renuka Sugars Limited,L01542KA1995PLC019046,FMCG / Foods / Agro,defaulter,2022,0.7521865858974145,75.22,High,0.73246409847613,73.25,High,0.019722487421284463,agree,3,1,urgent_review,95.0,71.43,6,0.0,"Debt-to-equity is above 2, indicating elevated leverage. | Operating cash flow trend over the available years is negative. | Borrowings trend over the available years is increasing.",excessive_leverage|declining_cash_flow_trend|rising_borrowings_trend,"ML probability 0.752 against threshold 0.400. 3 rule-based red flag(s) were triggered. Key reasons: Debt-to-equity is above 2, indicating elevated leverage.; Operating cash flow trend over the available years is negative.; Borrowings trend over the available years is increasing.",hist_gradient_boosting,logistic_regression,tier1a_v1,tier1a_v1,0.39999999999999986,0.4199999999999998,1,1
Moser Baer India,L51909DL1983PLC015418,Engineering / Manufacturing,defaulter,2016,0.7521850078478715,75.22,High,0.7387286772535053,73.87,High,0.013456330594366128,agree,6,2,urgent_review,94.0,100.0,7,0.0,"Interest coverage is below 1, suggesting operating earnings may not comfortably cover finance costs. | Net profit margin is negative. | Revenue trend over the available years is negative.",weak_interest_coverage|negative_profit_margin|declining_revenue_trend|declining_cash_flow_trend|rising_borrowings_trend|margin_drop,"ML probability 0.752 against threshold 0.400. 6 rule-based red flag(s) were triggered. Key reasons: Interest coverage is below 1, suggesting operating earnings may not comfortably cover finance costs.; Net profit margin is negative.; Revenue trend over the available years is negative.",hist_gradient_boosting,logistic_regression,tier1a_v1,tier1a_v1,0.39999999999999986,0.4199999999999998,1,1
Era Infra Engineering,L74899DL1990PLC041350,Infrastructure,defaulter,2017,0.752183726167995,75.22,High,0.7386161068895327,73.86,High,0.013567619278462284,agree,4,2,urgent_review,93.0,88.24,8,0.0,"Interest coverage is below 1, suggesting operating earnings may not comfortably cover finance costs. | Net profit margin is negative. | Revenue trend over the available years is negative.",weak_interest_coverage|negative_profit_margin|declining_revenue_trend|rising_borrowings_trend,"ML probability 0.752 against threshold 0.400. 4 rule-based red flag(s) were triggered. Key reasons: Interest coverage is below 1, suggesting operating earnings may not comfortably cover finance costs.; Net profit margin is negative.; Revenue trend over the available years is negative.",hist_gradient_boosting,logistic_regression,tier1a_v1,tier1a_v1,0.39999999999999986,0.4199999999999998,1,1
Monnet Ispat & Energy Ltd,L02710CT1990PLC009826,Steel & Metals,defaulter,2016,0.7521646223300682,75.22,High,0.7362465282127383,73.62,High,0.015918094117329917,agree,7,3,urgent_review,92.0,87.5,9,0.0,"Interest coverage is below 1, suggesting operating earnings may not comfortably cover finance costs. | Debt-to-equity is above 2, indicating elevated leverage. | Net profit margin is negative.",weak_interest_coverage|excessive_leverage|negative_profit_margin|declining_revenue_trend|rising_borrowings_trend|leverage_spike|margin_drop,"ML probability 0.752 against threshold 0.400. 7 rule-based red flag(s) were triggered. Key reasons: Interest coverage is below 1, suggesting operating earnings may not comfortably cover finance costs.; Debt-to-equity is above 2, indicating elevated leverage.; Net profit margin is negative.",hist_gradient_boosting,logistic_regression,tier1a_v1,tier1a_v1,0.39999999999999986,0.4199999999999998,1,1
C Mahendra Exports Limited,L27205MH2007PLC166717,Gems & Jewellery,defaulter,2015,0.7521617379376481,75.22,High,0.737206991885542,73.72,High,0.014954746052106116,agree,9,4,urgent_review,91.0,100.0,10,0.0,"Interest coverage is below 1, suggesting operating earnings may not comfortably cover finance costs. | Debt-to-equity is above 2, indicating elevated leverage. | Operating cash flow is negative despite positive revenue.",weak_interest_coverage|excessive_leverage|negative_operating_cash_flow|negative_profit_margin|declining_revenue_trend|declining_cash_flow_trend|rising_borrowings_trend|leverage_spike|margin_drop,"ML probability 0.752 against threshold 0.400. 9 rule-based red flag(s) were triggered. Key reasons: Interest coverage is below 1, suggesting operating earnings may not comfortably cover finance costs.; Debt-to-equity is above 2, indicating elevated leverage.; Operating cash flow is negative despite positive revenue.",hist_gradient_boosting,logistic_regression,tier1a_v1,tier1a_v1,0.39999999999999986,0.4199999999999998,1,1
JVL Agro Industries,L15140UP1989PLC011396,FMCG / Foods / Agro,defaulter,2018,0.7521601957011319,75.22,High,0.7334623655873772,73.35,High,0.0186978301137547,agree,5,2,urgent_review,90.0,57.14,11,0.0,"Interest coverage is below 1, suggesting operating earnings may not comfortably cover finance costs. | Operating cash flow is negative despite positive revenue. | Revenue trend over the available years is negative.",weak_interest_coverage|negative_operating_cash_flow|declining_revenue_trend|declining_cash_flow_trend|rising_borrowings_trend,"ML probability 0.752 against threshold 0.400. 5 rule-based red flag(s) were triggered. Key reasons: Interest coverage is below 1, suggesting operating earnings may not comfortably cover finance costs.; Operating cash flow is negative despite positive revenue.; Revenue trend over the available years is negative.",hist_gradient_boosting,logistic_regression,tier1a_v1,tier1a_v1,0.39999999999999986,0.4199999999999998,1,1
Metalyst Forgings,L28910MH1977PLC019569,Engineering / Manufacturing,defaulter,2016,0.7521466429126548,75.21,High,0.7377921249189084,73.78,High,0.014354517993746319,agree,8,3,urgent_review,89.0,92.31,12,0.0,"Interest coverage is below 1, suggesting operating earnings may not comfortably cover finance costs. | Debt-to-equity is above 2, indicating elevated leverage. | Net profit margin is negative.",weak_interest_coverage|excessive_leverage|negative_profit_margin|declining_revenue_trend|declining_cash_flow_trend|rising_borrowings_trend|leverage_spike|margin_drop,"ML probability 0.752 against threshold 0.400. 8 rule-based red flag(s) were triggered. Key reasons: Interest coverage is below 1, suggesting operating earnings may not comfortably cover finance costs.; Debt-to-equity is above 2, indicating elevated leverage.; Net profit margin is negative.",hist_gradient_boosting,logistic_regression,tier1a_v1,tier1a_v1,0.39999999999999986,0.4199999999999998,1,1
SVOGL Oil Gas and Energy,L74899DL1989PLC038542,Oil & Gas / Energy,defaulter,2015,0.752140713637933,75.21,High,0.7387263466863714,73.87,High,0.013414366951561618,agree,9,4,urgent_review,88.0,100.0,13,0.0,"Interest coverage is below 1, suggesting operating earnings may not comfortably cover finance costs. | Debt-to-equity is above 2, indicating elevated leverage. | Operating cash flow is negative despite positive revenue.",weak_interest_coverage|excessive_leverage|negative_operating_cash_flow|negative_profit_margin|declining_revenue_trend|declining_cash_flow_trend|rising_borrowings_trend|leverage_spike|margin_drop,"ML probability 0.752 against threshold 0.400. 9 rule-based red flag(s) were triggered. Key reasons: Interest coverage is below 1, suggesting operating earnings may not comfortably cover finance costs.; Debt-to-equity is above 2, indicating elevated leverage.; Operating cash flow is negative despite positive revenue.",hist_gradient_boosting,logistic_regression,tier1a_v1,tier1a_v1,0.39999999999999986,0.4199999999999998,1,1
ABG Shipyard Ltd,L61200GJ1985PLC007730,Shipbuilding,defaulter,2016,0.752130758736122,75.21,High,0.7387284424621853,73.87,High,0.013402316273936732,agree,8,4,urgent_review,87.0,100.0,14,0.0,"Interest coverage is below 1, suggesting operating earnings may not comfortably cover finance costs. | Current ratio is below 1, indicating a short-term liquidity deficit. | Operating cash flow is negative despite positive revenue.",weak_interest_coverage|weak_liquidity|negative_operating_cash_flow|negative_profit_margin|declining_revenue_trend|declining_cash_flow_trend|rising_borrowings_trend|margin_drop,"ML probability 0.752 against threshold 0.400. 8 rule-based red flag(s) were triggered. Key reasons: Interest coverage is below 1, suggesting operating earnings may not comfortably cover finance costs.; Current ratio is below 1, indicating a short-term liquidity deficit.; Operating cash flow is negative despite positive revenue.",hist_gradient_boosting,logistic_regression,tier1a_v1,tier1a_v1,0.39999999999999986,0.4199999999999998,1,1
Surya Pharmaceutical,L24232DL1992PLC227186,Pharma,defaulter,2014,0.7521260838627655,75.21,High,0.7387286432623204,73.87,High,0.01339744060044512,agree,7,3,urgent_review,86.0,100.0,15,0.3333333333333333,"Interest coverage is below 1, suggesting operating earnings may not comfortably cover finance costs. | Current ratio is below 1, indicating a short-term liquidity deficit. | Net profit margin is negative.",weak_interest_coverage|weak_liquidity|negative_profit_margin|declining_revenue_trend|declining_cash_flow_trend|rising_borrowings_trend|margin_drop,"ML probability 0.752 against threshold 0.400. 7 rule-based red flag(s) were triggered. Key reasons: Interest coverage is below 1, suggesting operating earnings may not comfortably cover finance costs.; Current ratio is below 1, indicating a short-term liquidity deficit.; Net profit margin is negative.",hist_gradient_boosting,logistic_regression,tier1a_v1,tier1a_v1,0.39999999999999986,0.4199999999999998,1,1
Deccan Chronicle Holdings,L22122TG2002PLC040110,Media,defaulter,2012,0.7521225998325616,75.21,High,0.7376360762920343,73.76,High,0.014486523540527263,agree,10,5,urgent_review,84.0,100.0,17,0.0,"Interest coverage is below 1, suggesting operating earnings may not comfortably cover finance costs. | Debt-to-equity is above 2, indicating elevated leverage. | Current ratio is below 1, indicating a short-term liquidity deficit.",weak_interest_coverage|excessive_leverage|weak_liquidity|negative_profit_margin|large_contingent_liabilities|declining_revenue_trend|declining_cash_flow_trend|rising_borrowings_trend|leverage_spike|margin_drop,"ML probability 0.752 against threshold 0.400. 10 rule-based red flag(s) were triggered. Key reasons: Interest coverage is below 1, suggesting operating earnings may not comfortably cover finance costs.; Debt-to-equity is above 2, indicating elevated leverage.; Current ratio is below 1, indicating a short-term liquidity deficit.",hist_gradient_boosting,logistic_regression,tier1a_v1,tier1a_v1,0.39999999999999986,0.4199999999999998,1,1
Pratibha Industries,L45200MH1995PLC090760,Infrastructure,defaulter,2017,0.7521096697389213,75.21,High,0.7383726160091044,73.84,High,0.013737053729816928,agree,9,4,urgent_review,83.0,82.35,18,0.0,"Interest coverage is below 1, suggesting operating earnings may not comfortably cover finance costs. | Debt-to-equity is above 2, indicating elevated leverage. | Operating cash flow is negative despite positive revenue.",weak_interest_coverage|excessive_leverage|negative_operating_cash_flow|negative_profit_margin|declining_revenue_trend|declining_cash_flow_trend|rising_borrowings_trend|leverage_spike|margin_drop,"ML probability 0.752 against threshold 0.400. 9 rule-based red flag(s) were triggered. Key reasons: Interest coverage is below 1, suggesting operating earnings may not comfortably cover finance costs.; Debt-to-equity is above 2, indicating elevated leverage.; Operating cash flow is negative despite positive revenue.",hist_gradient_boosting,logistic_regression,tier1a_v1,tier1a_v1,0.39999999999999986,0.4199999999999998,1,1
Kingfisher Airlines,L85110KA1995PLC018045,Travel / Aviation / Hospitality,defaulter,2013,0.752101653501824,75.21,High,0.738728682607455,73.87,High,0.013372970894369063,agree,7,3,urgent_review,82.0,100.0,19,0.0,"Interest coverage is below 1, suggesting operating earnings may not comfortably cover finance costs. | Operating cash flow is negative despite positive revenue. | Net profit margin is negative.",weak_interest_coverage|negative_operating_cash_flow|negative_profit_margin|declining_revenue_trend|declining_cash_flow_trend|rising_borrowings_trend|margin_drop,"ML probability 0.752 against threshold 0.400. 7 rule-based red flag(s) were triggered. Key reasons: Interest coverage is below 1, suggesting operating earnings may not comfortably cover finance costs.; Operating cash flow is negative despite positive revenue.; Net profit margin is negative.",hist_gradient_boosting,logistic_regression,tier1a_v1,tier1a_v1,0.39999999999999986,0.4199999999999998,1,1
First Leasing Co of India,L65910TN1973PLC006423,NBFC / Leasing,defaulter,2013,0.7520550202359958,75.21,High,0.7238809768508839,72.39,High,0.02817404338511187,agree,4,2,urgent_review,81.0,100.0,20,0.0,"Debt-to-equity is above 2, indicating elevated leverage. | Operating cash flow is negative despite positive revenue. | Operating cash flow trend over the available years is negative.",excessive_leverage|negative_operating_cash_flow|declining_cash_flow_trend|rising_borrowings_trend,"ML probability 0.752 against threshold 0.400. 4 rule-based red flag(s) were triggered. Key reasons: Debt-to-equity is above 2, indicating elevated leverage.; Operating cash flow is negative despite positive revenue.; Operating cash flow trend over the available years is negative.",hist_gradient_boosting,logistic_regression,tier1a_v1,tier1a_v1,0.39999999999999986,0.4199999999999998,1,1
SpiceJet Ltd,L51909DL1984PLC288239,Travel / Aviation / Hospitality,defaulter,2023,0.7519466913632762,75.19,High,0.735844678086951,73.58,High,0.01610201327632521,agree,4,2,urgent_review,80.0,66.67,21,0.0,"Interest coverage is below 1, suggesting operating earnings may not comfortably cover finance costs. | Net profit margin is negative. | Operating cash flow trend over the available years is negative.",weak_interest_coverage|negative_profit_margin|declining_cash_flow_trend|rising_borrowings_trend,"ML probability 0.752 against threshold 0.400. 4 rule-based red flag(s) were triggered. Key reasons: Interest coverage is below 1, suggesting operating earnings may not comfortably cover finance costs.; Net profit margin is negative.; Operating cash flow trend over the available years is negative.",hist_gradient_boosting,logistic_regression,tier1a_v1,tier1a_v1,0.39999999999999986,0.4199999999999998,1,1
Suzlon Energy Ltd,L40100GJ1995PLC025447,Oil & Gas / Energy,defaulter,2018,0.7518585988565601,75.19,High,0.7360501312034236,73.61,High,0.015808467653136593,agree,8,4,urgent_review,79.0,50.0,22,0.0,"Interest coverage is below 1, suggesting operating earnings may not comfortably cover finance costs. | Debt-to-equity is above 2, indicating elevated leverage. | Operating cash flow is negative despite positive revenue.",weak_interest_coverage|excessive_leverage|negative_operating_cash_flow|negative_profit_margin|declining_cash_flow_trend|rising_borrowings_trend|leverage_spike|margin_drop,"ML probability 0.752 against threshold 0.400. 8 rule-based red flag(s) were triggered. Key reasons: Interest coverage is below 1, suggesting operating earnings may not comfortably cover finance costs.; Debt-to-equity is above 2, indicating elevated leverage.; Operating cash flow is negative despite positive revenue.",hist_gradient_boosting,logistic_regression,tier1a_v1,tier1a_v1,0.39999999999999986,0.4199999999999998,1,1
Varun Industries,L28990MH1996PLC097945,Steel & Metals,defaulter,2013,0.7518558644056091,75.19,High,0.7371455393864792,73.71,High,0.014710325019129944,agree,10,5,urgent_review,78.0,75.0,23,0.0,"Interest coverage is below 1, suggesting operating earnings may not comfortably cover finance costs. | Debt-to-equity is above 2, indicating elevated leverage. | Operating cash flow is negative despite positive revenue.",weak_interest_coverage|excessive_leverage|negative_operating_cash_flow|negative_profit_margin|large_contingent_liabilities|declining_revenue_trend|declining_cash_flow_trend|rising_borrowings_trend|leverage_spike|margin_drop,"ML probability 0.752 against threshold 0.400. 10 rule-based red flag(s) were triggered. Key reasons: Interest coverage is below 1, suggesting operating earnings may not comfortably cover finance costs.; Debt-to-equity is above 2, indicating elevated leverage.; Operating cash flow is negative despite positive revenue.",hist_gradient_boosting,logistic_regression,tier1a_v1,tier1a_v1,0.39999999999999986,0.4199999999999998,1,1
Punj Lloyd Ltd,L74899DL1988PLC033314,Infrastructure,defaulter,2018,0.7516728324478775,75.17,High,0.6670340105506652,66.7,High,0.08463882189721228,agree,1,1,urgent_review,77.0,76.47,24,0.0,"Interest coverage is below 1, suggesting operating earnings may not comfortably cover finance costs.",weak_interest_coverage,"ML probability 0.752 against threshold 0.400. 1 rule-based red flag(s) were triggered. Key reasons: Interest coverage is below 1, suggesting operating earnings may not comfortably cover finance costs.",hist_gradient_boosting,logistic_regression,tier1a_v1,tier1a_v1,0.39999999999999986,0.4199999999999998,1,1
Jyoti Structures Ltd,L45200MH1974PLC017494,Infrastructure,defaulter,2016,0.7516223861299007,75.16,High,0.7269640869933678,72.7,High,0.024658299136532946,agree,9,4,urgent_review,76.0,70.59,25,0.0,"Interest coverage is below 1, suggesting operating earnings may not comfortably cover finance costs. | Debt-to-equity is above 2, indicating elevated leverage. | Operating cash flow is negative despite positive revenue.",weak_interest_coverage|excessive_leverage|negative_operating_cash_flow|negative_profit_margin|declining_revenue_trend|declining_cash_flow_trend|rising_borrowings_trend|leverage_spike|margin_drop,"ML probability 0.752 against threshold 0.400. 9 rule-based red flag(s) were triggered. Key reasons: Interest coverage is below 1, suggesting operating earnings may not comfortably cover finance costs.; Debt-to-equity is above 2, indicating elevated leverage.; Operating cash flow is negative despite positive revenue.",hist_gradient_boosting,logistic_regression,tier1a_v1,tier1a_v1,0.39999999999999986,0.4199999999999998,1,1
Shree Ganesh Jewellery House,L36911WB2002PLC095086,Gems & Jewellery,defaulter,2015,0.7516098933589692,75.16,High,0.7386497137319223,73.86,High,0.012960179627046875,agree,11,6,urgent_review,75.0,91.67,26,0.0,"Interest coverage is below 1, suggesting operating earnings may not comfortably cover finance costs. | Debt-to-equity is above 2, indicating elevated leverage. | Current ratio is below 1, indicating a short-term liquidity deficit.",weak_interest_coverage|excessive_leverage|weak_liquidity|negative_operating_cash_flow|negative_profit_margin|large_contingent_liabilities|declining_revenue_trend|declining_cash_flow_trend|rising_borrowings_trend|leverage_spike|margin_drop,"ML probability 0.752 against threshold 0.400. 11 rule-based red flag(s) were triggered. Key reasons: Interest coverage is below 1, suggesting operating earnings may not comfortably cover finance costs.; Debt-to-equity is above 2, indicating elevated leverage.; Current ratio is below 1, indicating a short-term liquidity deficit.",hist_gradient_boosting,logistic_regression,tier1a_v1,tier1a_v1,0.39999999999999986,0.4199999999999998,1,1
Hanung Toys and Textiles,L74999DL1990PLC041722,Textiles,defaulter,2017,0.7516020079455756,75.16,High,0.738728682602875,73.87,High,0.012873325342700581,agree,3,1,urgent_review,74.0,100.0,27,0.0,Net profit margin is negative. | Revenue trend over the available years is negative. | Net profit margin deteriorated materially year over year.,negative_profit_margin|declining_revenue_trend|margin_drop,ML probability 0.752 against threshold 0.400. 3 rule-based red flag(s) were triggered. Key reasons: Net profit margin is negative.; Revenue trend over the available years is negative.; Net profit margin deteriorated materially year over year.,hist_gradient_boosting,logistic_regression,tier1a_v1,tier1a_v1,0.39999999999999986,0.4199999999999998,1,1
Shri Lakshmi Cotsyn,L17122UP1988PLC009985,Textiles,defaulter,2017,0.7515713492114257,75.16,High,0.7387247889456862,73.87,High,0.012846560265739493,agree,4,2,urgent_review,73.0,88.89,28,0.0,"Interest coverage is below 1, suggesting operating earnings may not comfortably cover finance costs. | Net profit margin is negative. | Revenue trend over the available years is negative.",weak_interest_coverage|negative_profit_margin|declining_revenue_trend|margin_drop,"ML probability 0.752 against threshold 0.400. 4 rule-based red flag(s) were triggered. Key reasons: Interest coverage is below 1, suggesting operating earnings may not comfortably cover finance costs.; Net profit margin is negative.; Revenue trend over the available years is negative.",hist_gradient_boosting,logistic_regression,tier1a_v1,tier1a_v1,0.39999999999999986,0.4199999999999998,1,1
Parekh Aluminex,L27203MH1994PLC080732,Engineering / Manufacturing,defaulter,2012,0.7514224362316939,75.14,High,0.7288738814342459,72.89,High,0.022548554797447995,agree,5,2,urgent_review,72.0,84.62,29,0.0,"Debt-to-equity is above 2, indicating elevated leverage. | Operating cash flow is negative despite positive revenue. | Operating cash flow trend over the available years is negative.",excessive_leverage|negative_operating_cash_flow|declining_cash_flow_trend|rising_borrowings_trend|leverage_spike,"ML probability 0.751 against threshold 0.400. 5 rule-based red flag(s) were triggered. Key reasons: Debt-to-equity is above 2, indicating elevated leverage.; Operating cash flow is negative despite positive revenue.; Operating cash flow trend over the available years is negative.",hist_gradient_boosting,logistic_regression,tier1a_v1,tier1a_v1,0.39999999999999986,0.4199999999999998,1,1
Gammon India Ltd,L74999DL1922PLC000997,Infrastructure,defaulter,2017,0.7513897607250297,75.14,High,0.7385043085027216,73.85,High,0.01288545222230808,agree,8,5,urgent_review,71.0,64.71,30,0.0,"Interest coverage is below 1, suggesting operating earnings may not comfortably cover finance costs. | Debt-to-equity is above 2, indicating elevated leverage. | Current ratio is below 1, indicating a short-term liquidity deficit.",weak_interest_coverage|excessive_leverage|weak_liquidity|negative_profit_margin|large_contingent_liabilities|declining_revenue_trend|leverage_spike|margin_drop,"ML probability 0.751 against threshold 0.400. 8 rule-based red flag(s) were triggered. Key reasons: Interest coverage is below 1, suggesting operating earnings may not comfortably cover finance costs.; Debt-to-equity is above 2, indicating elevated leverage.; Current ratio is below 1, indicating a short-term liquidity deficit.",hist_gradient_boosting,logistic_regression,tier1a_v1,tier1a_v1,0.39999999999999986,0.4199999999999998,1,1
Lanco Infratech Ltd,L45200TG1993PLC015545,Infrastructure,defaulter,2016,0.7508002786645837,75.08,High,0.7096463713200597,70.96,High,0.041153907344523954,agree,7,4,urgent_review,70.0,58.82,31,0.0,"Interest coverage is below 1, suggesting operating earnings may not comfortably cover finance costs. | Debt-to-equity is above 2, indicating elevated leverage. | Operating cash flow is negative despite positive revenue.",weak_interest_coverage|excessive_leverage|negative_operating_cash_flow|negative_profit_margin|declining_cash_flow_trend|rising_borrowings_trend|leverage_spike,"ML probability 0.751 against threshold 0.400. 7 rule-based red flag(s) were triggered. Key reasons: Interest coverage is below 1, suggesting operating earnings may not comfortably cover finance costs.; Debt-to-equity is above 2, indicating elevated leverage.; Operating cash flow is negative despite positive revenue.",hist_gradient_boosting,logistic_regression,tier1a_v1,tier1a_v1,0.39999999999999986,0.4199999999999998,1,1
HCC (Hindustan Construction Co Ltd),L26922MH1926PLC000407,Infrastructure,defaulter,2018,0.7506028807028585,75.06,High,0.5352693683810822,53.53,High,0.21533351232177633,agree,2,2,urgent_review,69.0,52.94,32,0.0,"Current ratio is below 1, indicating a short-term liquidity deficit. | A qualified, adverse, or disclaimer audit opinion was detected.",weak_liquidity|qualified_audit_signal,"ML probability 0.751 against threshold 0.400. 2 rule-based red flag(s) were triggered. Key reasons: Current ratio is below 1, indicating a short-term liquidity deficit.; A qualified, adverse, or disclaimer audit opinion was detected.",hist_gradient_boosting,logistic_regression,tier1a_v1,tier1a_v1,0.39999999999999986,0.4199999999999998,1,1
Mawana Sugars Ltd,L15421DL2002PLC118184,FMCG / Foods / Agro,defaulter,2023,0.7503857270457372,75.04,High,0.7276180062272055,72.76,High,0.022767720818531734,agree,3,1,urgent_review,68.0,28.57,33,0.0,Contingent liabilities exceed 50% of net worth. | Operating cash flow trend over the available years is negative. | Borrowings trend over the available years is increasing.,large_contingent_liabilities|declining_cash_flow_trend|rising_borrowings_trend,ML probability 0.750 against threshold 0.400. 3 rule-based red flag(s) were triggered. Key reasons: Contingent liabilities exceed 50% of net worth.; Operating cash flow trend over the available years is negative.; Borrowings trend over the available years is increasing.,hist_gradient_boosting,logistic_regression,tier1a_v1,tier1a_v1,0.39999999999999986,0.4199999999999998,1,1
Jaypee Infratech Ltd,L45203UP2007PLC033119,Infrastructure,defaulter,2016,0.7502656141149879,75.03,High,0.7140547658661497,71.41,High,0.036210848248838245,agree,5,2,urgent_review,67.0,47.06,34,0.0,"Interest coverage is below 1, suggesting operating earnings may not comfortably cover finance costs. | Net profit margin is negative. | Revenue trend over the available years is negative.",weak_interest_coverage|negative_profit_margin|declining_revenue_trend|rising_borrowings_trend|margin_drop,"ML probability 0.750 against threshold 0.400. 5 rule-based red flag(s) were triggered. Key reasons: Interest coverage is below 1, suggesting operating earnings may not comfortably cover finance costs.; Net profit margin is negative.; Revenue trend over the available years is negative.",hist_gradient_boosting,logistic_regression,tier1a_v1,tier1a_v1,0.39999999999999986,0.4199999999999998,1,1
Bhushan Steel Limited,L27109DL1990PLC040690,Steel & Metals,defaulter,2016,0.7498371125555043,74.98,High,0.6988288766438533,69.88,High,0.051008235911651045,agree,11,7,urgent_review,66.0,62.5,35,0.0,"Interest coverage is below 1, suggesting operating earnings may not comfortably cover finance costs. | Debt-to-equity is above 2, indicating elevated leverage. | Current ratio is below 1, indicating a short-term liquidity deficit.",weak_interest_coverage|excessive_leverage|weak_liquidity|negative_operating_cash_flow|negative_profit_margin|qualified_audit_signal|large_contingent_liabilities|declining_cash_flow_trend|rising_borrowings_trend|leverage_spike|margin_drop,"ML probability 0.750 against threshold 0.400. 11 rule-based red flag(s) were triggered. Key reasons: Interest coverage is below 1, suggesting operating earnings may not comfortably cover finance costs.; Debt-to-equity is above 2, indicating elevated leverage.; Current ratio is below 1, indicating a short-term liquidity deficit.",hist_gradient_boosting,logistic_regression,tier1a_v1,tier1a_v1,0.39999999999999986,0.4199999999999998,1,1
Jaiprakash Associates Ltd,L14106UP1995PLC019017,Cement,defaulter,2016,0.7487574713860325,74.88,High,0.7158994106809339,71.59,High,0.03285806070509867,agree,6,3,urgent_review,65.0,100.0,36,0.0,"Interest coverage is below 1, suggesting operating earnings may not comfortably cover finance costs. | Debt-to-equity is above 2, indicating elevated leverage. | Net profit margin is negative.",weak_interest_coverage|excessive_leverage|negative_profit_margin|declining_revenue_trend|leverage_spike|margin_drop,"ML probability 0.749 against threshold 0.400. 6 rule-based red flag(s) were triggered. Key reasons: Interest coverage is below 1, suggesting operating earnings may not comfortably cover finance costs.; Debt-to-equity is above 2, indicating elevated leverage.; Net profit margin is negative.",hist_gradient_boosting,logistic_regression,tier1a_v1,tier1a_v1,0.39999999999999986,0.4199999999999998,1,1
Sical Logistics Ltd,L51909TN1955PLC002431,Logistics,defaulter,2020,0.7476806715389009,74.77,High,0.7241838046657919,72.42,High,0.023496866873109035,agree,4,2,urgent_review,64.0,100.0,37,0.0,"Interest coverage is below 1, suggesting operating earnings may not comfortably cover finance costs. | Net profit margin is negative. | Revenue trend over the available years is negative.",weak_interest_coverage|negative_profit_margin|declining_revenue_trend|margin_drop,"ML probability 0.748 against threshold 0.400. 4 rule-based red flag(s) were triggered. Key reasons: Interest coverage is below 1, suggesting operating earnings may not comfortably cover finance costs.; Net profit margin is negative.; Revenue trend over the available years is negative.",hist_gradient_boosting,logistic_regression,tier1a_v1,tier1a_v1,0.39999999999999986,0.4199999999999998,1,1
PC Jeweller Ltd,L36911DL2005PLC134929,Gems & Jewellery,defaulter,2022,0.7468487342600512,74.68,High,0.7293539464599381,72.94,High,0.017494787800113043,agree,9,4,urgent_review,61.0,75.0,40,0.0,"Interest coverage is below 1, suggesting operating earnings may not comfortably cover finance costs. | Operating cash flow is negative despite positive revenue. | Net profit margin is negative.",weak_interest_coverage|negative_operating_cash_flow|negative_profit_margin|qualified_audit_signal|declining_revenue_trend|declining_cash_flow_trend|rising_borrowings_trend|leverage_spike|margin_drop,"ML probability 0.747 against threshold 0.400. 9 rule-based red flag(s) were triggered. Key reasons: Interest coverage is below 1, suggesting operating earnings may not comfortably cover finance costs.; Operating cash flow is negative despite positive revenue.; Net profit margin is negative.",hist_gradient_boosting,logistic_regression,tier1a_v1,tier1a_v1,0.39999999999999986,0.4199999999999998,1,1
Videocon Industries Ltd,L99999MH1986PLC103624,Engineering / Manufacturing,defaulter,2017,0.7456699933056429,74.57,High,0.7129564372011012,71.3,High,0.03271355610454163,agree,6,3,urgent_review,60.0,76.92,41,0.0,"Interest coverage is below 1, suggesting operating earnings may not comfortably cover finance costs. | Debt-to-equity is above 2, indicating elevated leverage. | Net profit margin is negative.",weak_interest_coverage|excessive_leverage|negative_profit_margin|declining_revenue_trend|declining_cash_flow_trend|margin_drop,"ML probability 0.746 against threshold 0.400. 6 rule-based red flag(s) were triggered. Key reasons: Interest coverage is below 1, suggesting operating earnings may not comfortably cover finance costs.; Debt-to-equity is above 2, indicating elevated leverage.; Net profit margin is negative.",hist_gradient_boosting,logistic_regression,tier1a_v1,tier1a_v1,0.39999999999999986,0.4199999999999998,1,1
Gitanjali Gems Limited,L36911MH1986PLC040689,Gems & Jewellery,defaulter,2017,0.7442946644037637,74.43,High,0.5386133942105852,53.86,High,0.2056812701931785,agree,2,1,urgent_review,59.0,66.67,42,0.0,Contingent liabilities exceed 50% of net worth. | Borrowings trend over the available years is increasing.,large_contingent_liabilities|rising_borrowings_trend,ML probability 0.744 against threshold 0.400. 2 rule-based red flag(s) were triggered. Key reasons: Contingent liabilities exceed 50% of net worth.; Borrowings trend over the available years is increasing.,hist_gradient_boosting,logistic_regression,tier1a_v1,tier1a_v1,0.39999999999999986,0.4199999999999998,1,1
Ruchi Soya Industries Ltd,L15140MH1986PLC038536,FMCG / Foods / Agro,defaulter,2016,0.7326010126130258,73.26,High,0.6705312591728151,67.05,High,0.062069753440210707,agree,7,4,urgent_review,55.0,14.29,46,0.0,"Interest coverage is below 1, suggesting operating earnings may not comfortably cover finance costs. | Debt-to-equity is above 2, indicating elevated leverage. | Operating cash flow is negative despite positive revenue.",weak_interest_coverage|excessive_leverage|negative_operating_cash_flow|negative_profit_margin|declining_cash_flow_trend|rising_borrowings_trend|leverage_spike,"ML probability 0.733 against threshold 0.400. 7 rule-based red flag(s) were triggered. Key reasons: Interest coverage is below 1, suggesting operating earnings may not comfortably cover finance costs.; Debt-to-equity is above 2, indicating elevated leverage.; Operating cash flow is negative despite positive revenue.",hist_gradient_boosting,logistic_regression,tier1a_v1,tier1a_v1,0.39999999999999986,0.4199999999999998,1,1
Alok Industries Ltd,L17110DN1986PLC000334,Textiles,defaulter,2016,0.658612489983262,65.86,High,0.445380668322845,44.54,High,0.21323182166041704,agree,9,4,urgent_review,53.0,77.78,48,0.0,"Interest coverage is below 1, suggesting operating earnings may not comfortably cover finance costs. | Debt-to-equity is above 2, indicating elevated leverage. | Operating cash flow is negative despite positive revenue.",weak_interest_coverage|excessive_leverage|negative_operating_cash_flow|negative_profit_margin|declining_revenue_trend|declining_cash_flow_trend|rising_borrowings_trend|leverage_spike|margin_drop,"ML probability 0.659 against threshold 0.400. 9 rule-based red flag(s) were triggered. Key reasons: Interest coverage is below 1, suggesting operating earnings may not comfortably cover finance costs.; Debt-to-equity is above 2, indicating elevated leverage.; Operating cash flow is negative despite positive revenue.",hist_gradient_boosting,logistic_regression,tier1a_v1,tier1a_v1,0.39999999999999986,0.4199999999999998,1,1
S Kumars Nationwide,L17120MH1990PLC058361,Textiles,defaulter,2013,0.5778122236055117,57.78,High,0.45939536524533586,45.94,High,0.11841685836017579,agree,6,3,urgent_review,51.0,55.56,50,0.0,"Interest coverage is below 1, suggesting operating earnings may not comfortably cover finance costs. | Debt-to-equity is above 2, indicating elevated leverage. | Net profit margin is negative.",weak_interest_coverage|excessive_leverage|negative_profit_margin|rising_borrowings_trend|leverage_spike|margin_drop,"ML probability 0.578 against threshold 0.400. 6 rule-based red flag(s) were triggered. Key reasons: Interest coverage is below 1, suggesting operating earnings may not comfortably cover finance costs.; Debt-to-equity is above 2, indicating elevated leverage.; Net profit margin is negative.",hist_gradient_boosting,logistic_regression,tier1a_v1,tier1a_v1,0.39999999999999986,0.4199999999999998,1,1
Cox & Kings Limited,L63040MH1939PLC011352,Travel / Aviation / Hospitality,defaulter,2018,0.4007679354850794,40.08,High,0.7089425834384577,70.89,High,0.30817464795337834,agree,4,1,urgent_review,50.0,33.33,51,0.0,Operating cash flow is negative despite positive revenue. | Revenue trend over the available years is negative. | Operating cash flow trend over the available years is negative.,negative_operating_cash_flow|declining_revenue_trend|declining_cash_flow_trend|rising_borrowings_trend,ML probability 0.401 against threshold 0.400. 4 rule-based red flag(s) were triggered. Key reasons: Operating cash flow is negative despite positive revenue.; Revenue trend over the available years is negative.; Operating cash flow trend over the available years is negative.,hist_gradient_boosting,logistic_regression,tier1a_v1,tier1a_v1,0.39999999999999986,0.4199999999999998,1,1
Kwality Ltd,L74899DL1992PLC255519,FMCG / Foods / Agro,defaulter,2017,0.7521232990944967,75.21,High,0.7135352305533147,71.35,High,0.03858806854118202,agree,1,0,review,85.0,42.86,16,0.0,Borrowings trend over the available years is increasing.,rising_borrowings_trend,ML probability 0.752 against threshold 0.400. 1 rule-based red flag(s) were triggered. Key reasons: Borrowings trend over the available years is increasing.,hist_gradient_boosting,logistic_regression,tier1a_v1,tier1a_v1,0.39999999999999986,0.4199999999999998,1,1
Housing Development and Infra,L70100MH1996PLC101379,Real Estate,defaulter,2018,0.7471623868455837,74.72,High,0.6796938884191135,67.97,High,0.06746849842647018,agree,2,0,review,63.0,100.0,38,0.0,Revenue trend over the available years is negative. | Operating cash flow trend over the available years is negative.,declining_revenue_trend|declining_cash_flow_trend,ML probability 0.747 against threshold 0.400. 2 rule-based red flag(s) were triggered. Key reasons: Revenue trend over the available years is negative.; Operating cash flow trend over the available years is negative.,hist_gradient_boosting,logistic_regression,tier1a_v1,tier1a_v1,0.39999999999999986,0.4199999999999998,1,1
TBZ - The Bride's Jeweller,L27205MH2007PLC167425,Gems & Jewellery,non_defaulter,2017,0.7470657998481276,74.71,High,0.6645165402927389,66.45,High,0.08254925955538872,agree,1,0,review,62.0,83.33,39,0.0,Revenue trend over the available years is negative.,declining_revenue_trend,ML probability 0.747 against threshold 0.400. 1 rule-based red flag(s) were triggered. Key reasons: Revenue trend over the available years is negative.,hist_gradient_boosting,logistic_regression,tier1a_v1,tier1a_v1,0.39999999999999986,0.4199999999999998,1,1
PSL Limited,L67120DD1987PLC002395,Engineering / Manufacturing,defaulter,2018,0.7415840419406127,74.16,High,0.5169166728979249,51.69,High,0.2246673690426878,agree,1,0,review,57.0,69.23,44,0.0,Revenue trend over the available years is negative.,declining_revenue_trend,ML probability 0.742 against threshold 0.400. 1 rule-based red flag(s) were triggered. Key reasons: Revenue trend over the available years is negative.,hist_gradient_boosting,logistic_regression,tier1a_v1,tier1a_v1,0.39999999999999986,0.4199999999999998,1,1
Asian Star Company Ltd,L36910MH1995PLC086017,Gems & Jewellery,defaulter,2017,0.7390439956626309,73.9,High,0.6202572738977475,62.03,High,0.11878672176488336,agree,0,0,review,56.0,50.0,45,0.0,,,ML probability 0.739 against threshold 0.400. No explicit rule-based red flags were triggered.,hist_gradient_boosting,logistic_regression,tier1a_v1,tier1a_v1,0.39999999999999986,0.4199999999999998,1,1
Nakoda Limited,L17111GJ1984PLC045995,Textiles,defaulter,2020,0.5915866967621422,59.16,High,0.7100072538220367,71.0,High,0.11842055705989452,agree,1,0,review,52.0,66.67,49,0.0,Revenue trend over the available years is negative.,declining_revenue_trend,ML probability 0.592 against threshold 0.400. 1 rule-based red flag(s) were triggered. Key reasons: Revenue trend over the available years is negative.,hist_gradient_boosting,logistic_regression,tier1a_v1,tier1a_v1,0.39999999999999986,0.4199999999999998,1,1
Winsome Diamonds and Jewellery,L36910GJ1985PLC015915,Gems & Jewellery,defaulter,2012,0.7436898003517382,74.37,High,0.38151163552744827,38.15,Medium,0.3621781648242899,disagree,3,1,manual_check,58.0,58.33,43,0.0,Operating cash flow is negative despite positive revenue. | Operating cash flow trend over the available years is negative. | Borrowings trend over the available years is increasing.,negative_operating_cash_flow|declining_cash_flow_trend|rising_borrowings_trend,ML probability 0.744 against threshold 0.400. 3 rule-based red flag(s) were triggered. Key reasons: Operating cash flow is negative despite positive revenue.; Operating cash flow trend over the available years is negative.; Borrowings trend over the available years is increasing.,hist_gradient_boosting,logistic_regression,tier1a_v1,tier1a_v1,0.39999999999999986,0.4199999999999998,1,0
Elder Pharmaceuticals Ltd,L24239MH1983PLC029714,Pharma,defaulter,2014,0.6918084764258701,69.18,High,0.4134080328721899,41.34,Medium,0.27840044355368015,disagree,3,1,manual_check,54.0,75.0,47,0.0,"Current ratio is below 1, indicating a short-term liquidity deficit. | Revenue trend over the available years is negative. | Net profit margin deteriorated materially year over year.",weak_liquidity|declining_revenue_trend|margin_drop,"ML probability 0.692 against threshold 0.400. 3 rule-based red flag(s) were triggered. Key reasons: Current ratio is below 1, indicating a short-term liquidity deficit.; Revenue trend over the available years is negative.; Net profit margin deteriorated materially year over year.",hist_gradient_boosting,logistic_regression,tier1a_v1,tier1a_v1,0.39999999999999986,0.4199999999999998,1,0
Dilip Buildcon Limited,L45201MP1987PLC003821,Infrastructure,non_defaulter,2016,0.37542210605723053,37.54,High,0.5533391748820238,55.33,High,0.17791706882479325,disagree,2,1,manual_check,47.0,29.41,54,0.0,"Debt-to-equity is above 2, indicating elevated leverage. | Borrowings trend over the available years is increasing.",excessive_leverage|rising_borrowings_trend,"ML probability 0.375 against threshold 0.400. 2 rule-based red flag(s) were triggered. Key reasons: Debt-to-equity is above 2, indicating elevated leverage.; Borrowings trend over the available years is increasing.",hist_gradient_boosting,logistic_regression,tier1a_v1,tier1a_v1,0.39999999999999986,0.4199999999999998,0,1
DLF Limited,L70101DL1963PLC004462,Real Estate,non_defaulter,2018,0.3362587335233788,33.63,Medium,0.4481938978036842,44.82,High,0.11193516428030537,disagree,2,0,manual_check,41.0,50.0,60,0.0,Revenue trend over the available years is negative. | Operating cash flow trend over the available years is negative.,declining_revenue_trend|declining_cash_flow_trend,ML probability 0.336 against threshold 0.400. 2 rule-based red flag(s) were triggered. Key reasons: Revenue trend over the available years is negative.; Operating cash flow trend over the available years is negative.,hist_gradient_boosting,logistic_regression,tier1a_v1,tier1a_v1,0.39999999999999986,0.4199999999999998,0,1
Vaibhav Global Limited,L36911RJ1989PLC004945,Gems & Jewellery,non_defaulter,2017,0.33275298528655645,33.28,Medium,0.6170349157619783,61.7,High,0.2842819304754219,disagree,2,0,manual_check,36.0,33.33,65,0.0,Operating cash flow trend over the available years is negative. | Borrowings trend over the available years is increasing.,declining_cash_flow_trend|rising_borrowings_trend,ML probability 0.333 against threshold 0.400. 2 rule-based red flag(s) were triggered. Key reasons: Operating cash flow trend over the available years is negative.; Borrowings trend over the available years is increasing.,hist_gradient_boosting,logistic_regression,tier1a_v1,tier1a_v1,0.39999999999999986,0.4199999999999998,0,1
Senco Gold Limited,L36911WB1994PLC063674,Gems & Jewellery,non_defaulter,2020,0.33235656273084,33.24,Medium,0.5374093047592433,53.74,High,0.2050527420284033,disagree,1,0,manual_check,34.0,25.0,67,0.0,Borrowings trend over the available years is increasing.,rising_borrowings_trend,ML probability 0.332 against threshold 0.400. 1 rule-based red flag(s) were triggered. Key reasons: Borrowings trend over the available years is increasing.,hist_gradient_boosting,logistic_regression,tier1a_v1,tier1a_v1,0.39999999999999986,0.4199999999999998,0,1
IRB Infrastructure Developers Limited,L65910MH1998PLC115967,Infrastructure,non_defaulter,2016,0.3318030601359347,33.18,High,0.5988406150148352,59.88,High,0.2670375548789005,disagree,3,2,manual_check,33.0,17.65,68,0.0,"Current ratio is below 1, indicating a short-term liquidity deficit. | Contingent liabilities exceed 50% of net worth. | Borrowings trend over the available years is increasing.",weak_liquidity|large_contingent_liabilities|rising_borrowings_trend,"ML probability 0.332 against threshold 0.400. 3 rule-based red flag(s) were triggered. Key reasons: Current ratio is below 1, indicating a short-term liquidity deficit.; Contingent liabilities exceed 50% of net worth.; Borrowings trend over the available years is increasing.",hist_gradient_boosting,logistic_regression,tier1a_v1,tier1a_v1,0.39999999999999986,0.4199999999999998,0,1
Jindal Steel & Power Limited,L27105HR1979PLC009913,Steel & Metals,non_defaulter,2017,0.3290476455506948,32.9,High,0.42336958376805534,42.34,High,0.09432193821736051,disagree,2,2,manual_check,17.0,12.5,84,0.0,"Interest coverage is below 1, suggesting operating earnings may not comfortably cover finance costs. | Net profit margin is negative.",weak_interest_coverage|negative_profit_margin,"ML probability 0.329 against threshold 0.400. 2 rule-based red flag(s) were triggered. Key reasons: Interest coverage is below 1, suggesting operating earnings may not comfortably cover finance costs.; Net profit margin is negative.",hist_gradient_boosting,logistic_regression,tier1a_v1,tier1a_v1,0.39999999999999986,0.4199999999999998,0,1
KEC International Limited,L45200MH2005PLC152061,Infrastructure,non_defaulter,2016,0.39635190804891657,39.64,High,0.4137420147300163,41.37,Medium,0.01739010668109975,agree,5,2,watchlist,49.0,41.18,52,0.0,Operating cash flow is negative despite positive revenue. | Contingent liabilities exceed 50% of net worth. | Operating cash flow trend over the available years is negative.,negative_operating_cash_flow|large_contingent_liabilities|declining_cash_flow_trend|rising_borrowings_trend|leverage_spike,ML probability 0.396 against threshold 0.400. 5 rule-based red flag(s) were triggered. Key reasons: Operating cash flow is negative despite positive revenue.; Contingent liabilities exceed 50% of net worth.; Operating cash flow trend over the available years is negative.,hist_gradient_boosting,logistic_regression,tier1a_v1,tier1a_v1,0.39999999999999986,0.4199999999999998,0,0
JSW Steel Limited,L27102MH1994PLC152925,Steel & Metals,non_defaulter,2016,0.3674250415359169,36.74,High,0.37154464695853795,37.15,Medium,0.004119605422621075,agree,6,2,watchlist,46.0,50.0,55,0.0,"Interest coverage is below 1, suggesting operating earnings may not comfortably cover finance costs. | Net profit margin is negative. | Revenue trend over the available years is negative.",weak_interest_coverage|negative_profit_margin|declining_revenue_trend|rising_borrowings_trend|leverage_spike|margin_drop,"ML probability 0.367 against threshold 0.400. 6 rule-based red flag(s) were triggered. Key reasons: Interest coverage is below 1, suggesting operating earnings may not comfortably cover finance costs.; Net profit margin is negative.; Revenue trend over the available years is negative.",hist_gradient_boosting,logistic_regression,tier1a_v1,tier1a_v1,0.39999999999999986,0.4199999999999998,0,0
Coal India Limited,L23109WB1973GOI028844,Mining,non_defaulter,2017,0.3411862119950515,34.12,High,0.3098857707042676,30.99,Medium,0.03130044129078391,agree,5,2,watchlist,43.0,100.0,58,0.0,"Interest coverage is below 1, suggesting operating earnings may not comfortably cover finance costs. | Operating cash flow is negative despite positive revenue. | Revenue trend over the available years is negative.",weak_interest_coverage|negative_operating_cash_flow|declining_revenue_trend|declining_cash_flow_trend|margin_drop,"ML probability 0.341 against threshold 0.400. 5 rule-based red flag(s) were triggered. Key reasons: Interest coverage is below 1, suggesting operating earnings may not comfortably cover finance costs.; Operating cash flow is negative despite positive revenue.; Revenue trend over the available years is negative.",hist_gradient_boosting,logistic_regression,tier1a_v1,tier1a_v1,0.39999999999999986,0.4199999999999998,0,0
Blue Dart Express Limited,L66000MH1991PLC062329,Logistics,non_defaulter,2020,0.334990301037492,33.5,High,0.3379229555485147,33.79,Medium,0.002932654511022703,agree,4,3,watchlist,40.0,50.0,61,0.0,"Interest coverage is below 1, suggesting operating earnings may not comfortably cover finance costs. | Current ratio is below 1, indicating a short-term liquidity deficit. | Net profit margin is negative.",weak_interest_coverage|weak_liquidity|negative_profit_margin|declining_cash_flow_trend,"ML probability 0.335 against threshold 0.400. 4 rule-based red flag(s) were triggered. Key reasons: Interest coverage is below 1, suggesting operating earnings may not comfortably cover finance costs.; Current ratio is below 1, indicating a short-term liquidity deficit.; Net profit margin is negative.",hist_gradient_boosting,logistic_regression,tier1a_v1,tier1a_v1,0.39999999999999986,0.4199999999999998,0,0
Welspun India Limited,L17119GJ1985PLC033347,Textiles,non_defaulter,2017,0.3348202429100383,33.48,Medium,0.3150144794068715,31.5,Medium,0.019805763503166818,agree,2,0,watchlist,39.0,44.44,62,0.0,Borrowings trend over the available years is increasing. | Net profit margin deteriorated materially year over year.,rising_borrowings_trend|margin_drop,ML probability 0.335 against threshold 0.400. 2 rule-based red flag(s) were triggered. Key reasons: Borrowings trend over the available years is increasing.; Net profit margin deteriorated materially year over year.,hist_gradient_boosting,logistic_regression,tier1a_v1,tier1a_v1,0.39999999999999986,0.4199999999999998,0,0
HT Media Limited,L22121DL2002PLC117874,Media,non_defaulter,2016,0.3315573894127576,33.16,High,0.3540911605266296,35.41,Medium,0.022533771113872003,agree,4,1,watchlist,32.0,50.0,69,0.0,"Current ratio is below 1, indicating a short-term liquidity deficit. | Operating cash flow trend over the available years is negative. | Borrowings trend over the available years is increasing.",weak_liquidity|declining_cash_flow_trend|rising_borrowings_trend|leverage_spike,"ML probability 0.332 against threshold 0.400. 4 rule-based red flag(s) were triggered. Key reasons: Current ratio is below 1, indicating a short-term liquidity deficit.; Operating cash flow trend over the available years is negative.; Borrowings trend over the available years is increasing.",hist_gradient_boosting,logistic_regression,tier1a_v1,tier1a_v1,0.39999999999999986,0.4199999999999998,0,0
Bharat Heavy Electricals Limited,L74899DL1964GOI004281,Engineering / Manufacturing,non_defaulter,2017,0.3307575099563467,33.08,Medium,0.3363623953280344,33.64,Medium,0.00560488537168774,agree,3,0,watchlist,29.0,38.46,72,0.0,Revenue trend over the available years is negative. | Operating cash flow trend over the available years is negative. | Borrowings trend over the available years is increasing.,declining_revenue_trend|declining_cash_flow_trend|rising_borrowings_trend,ML probability 0.331 against threshold 0.400. 3 rule-based red flag(s) were triggered. Key reasons: Revenue trend over the available years is negative.; Operating cash flow trend over the available years is negative.; Borrowings trend over the available years is increasing.,hist_gradient_boosting,logistic_regression,tier1a_v1,tier1a_v1,0.39999999999999986,0.4199999999999998,0,0
Dabur India Limited,L24230UP1975PLC003919,FMCG / Foods,non_defaulter,2018,0.33063044504333783,33.06,Medium,0.31059931846452166,31.06,Medium,0.020031126578816172,agree,2,0,watchlist,28.0,100.0,73,0.0,Operating cash flow trend over the available years is negative. | Borrowings trend over the available years is increasing.,declining_cash_flow_trend|rising_borrowings_trend,ML probability 0.331 against threshold 0.400. 2 rule-based red flag(s) were triggered. Key reasons: Operating cash flow trend over the available years is negative.; Borrowings trend over the available years is increasing.,hist_gradient_boosting,logistic_regression,tier1a_v1,tier1a_v1,0.39999999999999986,0.4199999999999998,0,0
Steel Authority of India Limited,L27109DL1973GOI006454,Steel & Metals,non_defaulter,2016,0.33006040274332243,33.01,High,0.3458538713242344,34.59,Medium,0.015793468580911962,agree,6,2,watchlist,26.0,37.5,75,0.0,"Interest coverage is below 1, suggesting operating earnings may not comfortably cover finance costs. | Net profit margin is negative. | Revenue trend over the available years is negative.",weak_interest_coverage|negative_profit_margin|declining_revenue_trend|declining_cash_flow_trend|rising_borrowings_trend|margin_drop,"ML probability 0.330 against threshold 0.400. 6 rule-based red flag(s) were triggered. Key reasons: Interest coverage is below 1, suggesting operating earnings may not comfortably cover finance costs.; Net profit margin is negative.; Revenue trend over the available years is negative.",hist_gradient_boosting,logistic_regression,tier1a_v1,tier1a_v1,0.39999999999999986,0.4199999999999998,0,0
ABB India Limited,L32202KA1949PLC032923,Engineering / Manufacturing,non_defaulter,2017,0.3296955500796574,32.97,Medium,0.38699589860394973,38.7,Medium,0.05730034852429233,agree,2,0,watchlist,24.0,23.08,77,0.0,Revenue trend over the available years is negative. | Borrowings trend over the available years is increasing.,declining_revenue_trend|rising_borrowings_trend,ML probability 0.330 against threshold 0.400. 2 rule-based red flag(s) were triggered. Key reasons: Revenue trend over the available years is negative.; Borrowings trend over the available years is increasing.,hist_gradient_boosting,logistic_regression,tier1a_v1,tier1a_v1,0.39999999999999986,0.4199999999999998,0,0
Tata Steel Limited,L27100WB1907PLC001473,Steel & Metals,non_defaulter,2016,0.32944959356300313,32.94,Medium,0.32386296397214454,32.39,Medium,0.005586629590858594,agree,4,0,watchlist,22.0,25.0,79,0.0,Revenue trend over the available years is negative. | Operating cash flow trend over the available years is negative. | Borrowings trend over the available years is increasing.,declining_revenue_trend|declining_cash_flow_trend|rising_borrowings_trend|margin_drop,ML probability 0.329 against threshold 0.400. 4 rule-based red flag(s) were triggered. Key reasons: Revenue trend over the available years is negative.; Operating cash flow trend over the available years is negative.; Borrowings trend over the available years is increasing.,hist_gradient_boosting,logistic_regression,tier1a_v1,tier1a_v1,0.39999999999999986,0.4199999999999998,0,0
Bajaj Finance Limited,L65910MH1987PLC042961,NBFC / Leasing,non_defaulter,2023,0.32942743641955524,32.94,High,0.35533515114522846,35.53,Medium,0.025907714725673214,agree,4,2,watchlist,20.0,50.0,81,0.0,"Debt-to-equity is above 2, indicating elevated leverage. | Operating cash flow is negative despite positive revenue. | Operating cash flow trend over the available years is negative.",excessive_leverage|negative_operating_cash_flow|declining_cash_flow_trend|rising_borrowings_trend,"ML probability 0.329 against threshold 0.400. 4 rule-based red flag(s) were triggered. Key reasons: Debt-to-equity is above 2, indicating elevated leverage.; Operating cash flow is negative despite positive revenue.; Operating cash flow trend over the available years is negative.",hist_gradient_boosting,logistic_regression,tier1a_v1,tier1a_v1,0.39999999999999986,0.4199999999999998,0,0
Sun Pharmaceutical Industries Limited,L24230GJ1993PLC019050,Pharma,non_defaulter,2016,0.32891284612286054,32.89,High,0.31296411487870535,31.3,Medium,0.01594873124415519,agree,4,3,watchlist,16.0,50.0,85,0.0,"Interest coverage is below 1, suggesting operating earnings may not comfortably cover finance costs. | Operating cash flow is negative despite positive revenue. | Net profit margin is negative.",weak_interest_coverage|negative_operating_cash_flow|negative_profit_margin|rising_borrowings_trend,"ML probability 0.329 against threshold 0.400. 4 rule-based red flag(s) were triggered. Key reasons: Interest coverage is below 1, suggesting operating earnings may not comfortably cover finance costs.; Operating cash flow is negative despite positive revenue.; Net profit margin is negative.",hist_gradient_boosting,logistic_regression,tier1a_v1,tier1a_v1,0.39999999999999986,0.4199999999999998,0,0
Titan Company Limited,L74999TZ1984PLC001456,Gems & Jewellery,non_defaulter,2017,0.32883835063345956,32.88,Medium,0.33364178290693725,33.36,Medium,0.004803432273477681,agree,2,0,watchlist,15.0,16.67,86,0.0,Borrowings trend over the available years is increasing. | Debt-to-equity increased materially year over year.,rising_borrowings_trend|leverage_spike,ML probability 0.329 against threshold 0.400. 2 rule-based red flag(s) were triggered. Key reasons: Borrowings trend over the available years is increasing.; Debt-to-equity increased materially year over year.,hist_gradient_boosting,logistic_regression,tier1a_v1,tier1a_v1,0.39999999999999986,0.4199999999999998,0,0
Dr Reddy's Laboratories Limited,L85195TG1984PLC004507,Pharma,non_defaulter,2017,0.32875366066619066,32.88,Medium,0.3096967237101992,30.97,Medium,0.019056936955991477,agree,2,0,watchlist,14.0,25.0,87,0.0,Revenue trend over the available years is negative. | Operating cash flow trend over the available years is negative.,declining_revenue_trend|declining_cash_flow_trend,ML probability 0.329 against threshold 0.400. 2 rule-based red flag(s) were triggered. Key reasons: Revenue trend over the available years is negative.; Operating cash flow trend over the available years is negative.,hist_gradient_boosting,logistic_regression,tier1a_v1,tier1a_v1,0.39999999999999986,0.4199999999999998,0,0
SKF India Limited,L29130MH1961PLC011980,Engineering / Manufacturing,non_defaulter,2017,0.3286614937237265,32.87,Medium,0.3644112281665391,36.44,Medium,0.0357497344428126,agree,2,0,watchlist,13.0,15.38,88,0.0,Operating cash flow trend over the available years is negative. | Borrowings trend over the available years is increasing.,declining_cash_flow_trend|rising_borrowings_trend,ML probability 0.329 against threshold 0.400. 2 rule-based red flag(s) were triggered. Key reasons: Operating cash flow trend over the available years is negative.; Borrowings trend over the available years is increasing.,hist_gradient_boosting,logistic_regression,tier1a_v1,tier1a_v1,0.39999999999999986,0.4199999999999998,0,0
Siemens Limited,L28920MH1957PLC010839,Engineering / Manufacturing,non_defaulter,2017,0.3284549962616964,32.85,Medium,0.3385059910321848,33.85,Medium,0.01005099477048843,agree,2,0,watchlist,12.0,7.69,89,0.0,Operating cash flow trend over the available years is negative. | Net profit margin deteriorated materially year over year.,declining_cash_flow_trend|margin_drop,ML probability 0.328 against threshold 0.400. 2 rule-based red flag(s) were triggered. Key reasons: Operating cash flow trend over the available years is negative.; Net profit margin deteriorated materially year over year.,hist_gradient_boosting,logistic_regression,tier1a_v1,tier1a_v1,0.39999999999999986,0.4199999999999998,0,0
PNC Infratech Limited,L45201UP1999PLC024640,Infrastructure,non_defaulter,2016,0.3284396507433971,32.84,High,0.32900991835377247,32.9,Medium,0.0005702676103753745,agree,2,1,watchlist,11.0,11.76,90,0.0,Contingent liabilities exceed 50% of net worth. | Operating cash flow trend over the available years is negative.,large_contingent_liabilities|declining_cash_flow_trend,ML probability 0.328 against threshold 0.400. 2 rule-based red flag(s) were triggered. Key reasons: Contingent liabilities exceed 50% of net worth.; Operating cash flow trend over the available years is negative.,hist_gradient_boosting,logistic_regression,tier1a_v1,tier1a_v1,0.39999999999999986,0.4199999999999998,0,0
Rajesh Exports Limited,L36911KA1990PLC020815,Gems & Jewellery,non_defaulter,2017,0.3283575209885597,32.84,Medium,0.33406985225462466,33.41,Medium,0.005712331266064963,agree,2,0,watchlist,9.0,8.33,92,0.0,Operating cash flow trend over the available years is negative. | Borrowings trend over the available years is increasing.,declining_cash_flow_trend|rising_borrowings_trend,ML probability 0.328 against threshold 0.400. 2 rule-based red flag(s) were triggered. Key reasons: Operating cash flow trend over the available years is negative.; Borrowings trend over the available years is increasing.,hist_gradient_boosting,logistic_regression,tier1a_v1,tier1a_v1,0.39999999999999986,0.4199999999999998,0,0
Kalpataru Projects International Limited,L45203GJ1981PLC103919,Infrastructure,non_defaulter,2016,0.38959104241286807,38.96,Medium,0.3541052706170305,35.41,Medium,0.03548577179583756,agree,0,0,monitor,48.0,35.29,53,0.0,,,ML probability 0.390 against threshold 0.400. No explicit rule-based red flags were triggered.,hist_gradient_boosting,logistic_regression,tier1a_v1,tier1a_v1,0.39999999999999986,0.4199999999999998,0,0
NCC Limited,L72200TG1990PLC011146,Infrastructure,non_defaulter,2016,0.34231627061535636,34.23,Medium,0.3636933967211997,36.37,Medium,0.021377126105843358,agree,1,1,monitor,45.0,23.53,56,0.0,Contingent liabilities exceed 50% of net worth.,large_contingent_liabilities,ML probability 0.342 against threshold 0.400. 1 rule-based red flag(s) were triggered. Key reasons: Contingent liabilities exceed 50% of net worth.,hist_gradient_boosting,logistic_regression,tier1a_v1,tier1a_v1,0.39999999999999986,0.4199999999999998,0,0
Thermax Limited,L29299PN1980PLC022787,Engineering / Manufacturing,non_defaulter,2017,0.3420442501344689,34.2,Medium,0.3958630540343142,39.59,Medium,0.053818803899845336,agree,1,0,monitor,44.0,61.54,57,0.0,Revenue trend over the available years is negative.,declining_revenue_trend,ML probability 0.342 against threshold 0.400. 1 rule-based red flag(s) were triggered. Key reasons: Revenue trend over the available years is negative.,hist_gradient_boosting,logistic_regression,tier1a_v1,tier1a_v1,0.39999999999999986,0.4199999999999998,0,0
Lemon Tree Hotels Limited,L74899DL1992PLC049022,Travel / Hospitality,non_defaulter,2018,0.3392149446457421,33.92,Medium,0.34495178200985976,34.5,Medium,0.005736837364117675,agree,0,0,monitor,42.0,100.0,59,0.0,,,ML probability 0.339 against threshold 0.400. No explicit rule-based red flags were triggered.,hist_gradient_boosting,logistic_regression,tier1a_v1,tier1a_v1,0.39999999999999986,0.4199999999999998,0,0
Schaeffler India Limited,L29130GJ1962PLC001167,Engineering / Manufacturing,non_defaulter,2017,0.3341953738633202,33.42,Medium,0.33226980449439114,33.23,Medium,0.0019255693689290698,agree,1,0,monitor,38.0,53.85,63,0.0,Borrowings trend over the available years is increasing.,rising_borrowings_trend,ML probability 0.334 against threshold 0.400. 1 rule-based red flag(s) were triggered. Key reasons: Borrowings trend over the available years is increasing.,hist_gradient_boosting,logistic_regression,tier1a_v1,tier1a_v1,0.39999999999999986,0.4199999999999998,0,0
Kalyan Jewellers India Limited,L36911KL2009PLC024641,Gems & Jewellery,non_defaulter,2018,0.33343505165686305,33.34,Medium,0.4080002955495642,40.8,Medium,0.07456524389270114,agree,0,0,monitor,37.0,41.67,64,0.0,,,ML probability 0.333 against threshold 0.400. No explicit rule-based red flags were triggered.,hist_gradient_boosting,logistic_regression,tier1a_v1,tier1a_v1,0.39999999999999986,0.4199999999999998,0,0
Indian Hotels Company Limited,L74999MH1902PLC000183,Travel / Hospitality,non_defaulter,2017,0.3326431729649064,33.26,Medium,0.31294999994496364,31.29,Medium,0.019693173019942778,agree,1,1,monitor,35.0,50.0,66,0.0,"Current ratio is below 1, indicating a short-term liquidity deficit.",weak_liquidity,"ML probability 0.333 against threshold 0.400. 1 rule-based red flag(s) were triggered. Key reasons: Current ratio is below 1, indicating a short-term liquidity deficit.",hist_gradient_boosting,logistic_regression,tier1a_v1,tier1a_v1,0.39999999999999986,0.4199999999999998,0,0
Raymond Limited,L17117MH1925PLC001208,Textiles,non_defaulter,2017,0.3315266461767407,33.15,Medium,0.33003711072437963,33.0,Medium,0.0014895354523610793,agree,1,0,monitor,31.0,33.33,70,0.0,Borrowings trend over the available years is increasing.,rising_borrowings_trend,ML probability 0.332 against threshold 0.400. 1 rule-based red flag(s) were triggered. Key reasons: Borrowings trend over the available years is increasing.,hist_gradient_boosting,logistic_regression,tier1a_v1,tier1a_v1,0.39999999999999986,0.4199999999999998,0,0
Carborundum Universal Limited,L99999TN1954PLC000759,Engineering / Manufacturing,non_defaulter,2017,0.330919400685388,33.09,Medium,0.37752193695492076,37.75,Medium,0.04660253626953276,agree,0,0,monitor,30.0,46.15,71,0.0,,,ML probability 0.331 against threshold 0.400. No explicit rule-based red flags were triggered.,hist_gradient_boosting,logistic_regression,tier1a_v1,tier1a_v1,0.39999999999999986,0.4199999999999998,0,0
Cochin Shipyard Limited,L63032KL1972GOI002414,Shipbuilding,non_defaulter,2016,0.3301288405142029,33.01,Medium,0.34119858944327547,34.12,Medium,0.011069748929072587,agree,0,0,monitor,27.0,50.0,74,0.0,,,ML probability 0.330 against threshold 0.400. No explicit rule-based red flags were triggered.,hist_gradient_boosting,logistic_regression,tier1a_v1,tier1a_v1,0.39999999999999986,0.4199999999999998,0,0
Timken India Limited,L29130KA1996PLC048230,Engineering / Manufacturing,non_defaulter,2017,0.3299948908317465,33.0,Medium,0.38591543817129026,38.59,Medium,0.05592054733954377,agree,1,0,monitor,25.0,30.77,76,0.0,Borrowings trend over the available years is increasing.,rising_borrowings_trend,ML probability 0.330 against threshold 0.400. 1 rule-based red flag(s) were triggered. Key reasons: Borrowings trend over the available years is increasing.,hist_gradient_boosting,logistic_regression,tier1a_v1,tier1a_v1,0.39999999999999986,0.4199999999999998,0,0
Trident Limited,L17119PB1990PLC010365,Textiles,non_defaulter,2017,0.3295896741278787,32.96,Medium,0.31693159524785935,31.69,Medium,0.012658078880019352,agree,1,0,monitor,23.0,22.22,78,0.0,Borrowings trend over the available years is increasing.,rising_borrowings_trend,ML probability 0.330 against threshold 0.400. 1 rule-based red flag(s) were triggered. Key reasons: Borrowings trend over the available years is increasing.,hist_gradient_boosting,logistic_regression,tier1a_v1,tier1a_v1,0.39999999999999986,0.4199999999999998,0,0
Tata Elxsi Limited,L85110KA1989PLC009968,IT / Services,non_defaulter,2017,0.32942845796052644,32.94,Medium,0.3117881400180855,31.18,Medium,0.01764031794244092,agree,0,0,monitor,21.0,100.0,80,0.0,,,ML probability 0.329 against threshold 0.400. No explicit rule-based red flags were triggered.,hist_gradient_boosting,logistic_regression,tier1a_v1,tier1a_v1,0.39999999999999986,0.4199999999999998,0,0
Marico Limited,L15140MH1988PLC049208,FMCG / Foods,non_defaulter,2018,0.3291936272093258,32.92,Medium,0.3104029697380523,31.04,Medium,0.01879065747127351,agree,1,0,monitor,19.0,83.33,82,0.0,Operating cash flow trend over the available years is negative.,declining_cash_flow_trend,ML probability 0.329 against threshold 0.400. 1 rule-based red flag(s) were triggered. Key reasons: Operating cash flow trend over the available years is negative.,hist_gradient_boosting,logistic_regression,tier1a_v1,tier1a_v1,0.39999999999999986,0.4199999999999998,0,0
Oil and Natural Gas Corporation Limited,L74899DL1993GOI054155,Oil & Gas,non_defaulter,2017,0.329147367557642,32.91,Medium,0.31004277188530394,31.0,Medium,0.019104595672338076,agree,1,0,monitor,18.0,100.0,83,0.0,Revenue trend over the available years is negative.,declining_revenue_trend,ML probability 0.329 against threshold 0.400. 1 rule-based red flag(s) were triggered. Key reasons: Revenue trend over the available years is negative.,hist_gradient_boosting,logistic_regression,tier1a_v1,tier1a_v1,0.39999999999999986,0.4199999999999998,0,0
Britannia Industries Limited,L15412WB1918PLC002964,FMCG / Foods,non_defaulter,2018,0.32838761910609704,32.84,Medium,0.30949331971119803,30.95,Medium,0.018894299394899006,agree,1,0,monitor,10.0,66.67,91,0.0,Borrowings trend over the available years is increasing.,rising_borrowings_trend,ML probability 0.328 against threshold 0.400. 1 rule-based red flag(s) were triggered. Key reasons: Borrowings trend over the available years is increasing.,hist_gradient_boosting,logistic_regression,tier1a_v1,tier1a_v1,0.39999999999999986,0.4199999999999998,0,0
Larsen & Toubro Limited,L99999MH1946PLC004768,Infrastructure,non_defaulter,2016,0.3283497054986444,32.83,Medium,0.31460114104129516,31.46,Medium,0.013748564457349233,agree,1,0,monitor,8.0,5.88,93,0.0,Borrowings trend over the available years is increasing.,rising_borrowings_trend,ML probability 0.328 against threshold 0.400. 1 rule-based red flag(s) were triggered. Key reasons: Borrowings trend over the available years is increasing.,hist_gradient_boosting,logistic_regression,tier1a_v1,tier1a_v1,0.39999999999999986,0.4199999999999998,0,0
Grasim Industries Limited,L17124MP1947PLC000410,Textiles,non_defaulter,2017,0.3283302473917165,32.83,Medium,0.3095139256419715,30.95,Medium,0.018816321749745013,agree,0,0,monitor,7.0,11.11,94,0.0,,,ML probability 0.328 against threshold 0.400. No explicit rule-based red flags were triggered.,hist_gradient_boosting,logistic_regression,tier1a_v1,tier1a_v1,0.39999999999999986,0.4199999999999998,0,0
Nestle India Limited,L15202DL1959PLC003786,FMCG / Foods,non_defaulter,2018,0.32831307981525343,32.83,Medium,0.30964787147299844,30.96,Medium,0.01866520834225499,agree,1,0,monitor,6.0,50.0,95,0.0,Borrowings trend over the available years is increasing.,rising_borrowings_trend,ML probability 0.328 against threshold 0.400. 1 rule-based red flag(s) were triggered. Key reasons: Borrowings trend over the available years is increasing.,hist_gradient_boosting,logistic_regression,tier1a_v1,tier1a_v1,0.39999999999999986,0.4199999999999998,0,0
ITC Limited,L16005WB1910PLC001985,FMCG / Foods,non_defaulter,2018,0.3282734511143963,32.83,Medium,0.3094332359065684,30.94,Medium,0.018840215207827915,agree,0,0,monitor,5.0,33.33,96,0.0,,,ML probability 0.328 against threshold 0.400. No explicit rule-based red flags were triggered.,hist_gradient_boosting,logistic_regression,tier1a_v1,tier1a_v1,0.39999999999999986,0.4199999999999998,0,0
Hindustan Unilever Limited,L15140MH1933PLC002030,FMCG / Foods,non_defaulter,2018,0.3282544308516982,32.83,Medium,0.30926954733476597,30.93,Medium,0.018984883516932227,agree,0,0,monitor,4.0,16.67,97,0.0,,,ML probability 0.328 against threshold 0.400. No explicit rule-based red flags were triggered.,hist_gradient_boosting,logistic_regression,tier1a_v1,tier1a_v1,0.39999999999999986,0.4199999999999998,0,0
Infosys Limited,L85110KA1981PLC013115,IT / Services,non_defaulter,2017,0.32824845742656455,32.82,Medium,0.3093349774878649,30.93,Medium,0.01891347993869963,agree,0,0,monitor,3.0,50.0,98,0.0,,,ML probability 0.328 against threshold 0.400. No explicit rule-based red flags were triggered.,hist_gradient_boosting,logistic_regression,tier1a_v1,tier1a_v1,0.39999999999999986,0.4199999999999998,0,0
UltraTech Cement Limited,L26940MH2000PLC128420,Cement,non_defaulter,2016,0.3282242375707699,32.82,Medium,0.3368928551240602,33.69,Medium,0.008668617553290292,agree,1,0,monitor,2.0,50.0,99,0.0,Borrowings trend over the available years is increasing.,rising_borrowings_trend,ML probability 0.328 against threshold 0.400. 1 rule-based red flag(s) were triggered. Key reasons: Borrowings trend over the available years is increasing.,hist_gradient_boosting,logistic_regression,tier1a_v1,tier1a_v1,0.39999999999999986,0.4199999999999998,0,0
InterGlobe Aviation Limited,L62100DL2004PLC129768,Travel / Aviation,non_defaulter,2018,0.32821436199751464,32.82,Medium,0.3106241241663649,31.06,Medium,0.017590237831149713,agree,0,0,monitor,1.0,100.0,100,0.0,,,ML probability 0.328 against threshold 0.400. No explicit rule-based red flags were triggered.,hist_gradient_boosting,logistic_regression,tier1a_v1,tier1a_v1,0.39999999999999986,0.4199999999999998,0,0
