company_name,cin,financial_year,cohort,sector,target_wilful_default,debt_to_assets,ebitda_margin,pat_margin,roa,retained_earnings_to_assets,cfo_to_assets,cfo_to_ebitda,net_cash_change_to_assets,log_total_assets,log_revenue
ABB India Limited,L32202KA1949PLC032923,2015,non_defaulter,Engineering / Manufacturing,0,0.0809825887434201,0.0910766961651917,0.0368731563421828,0.04049129437171,0.4003239303549736,0.0515589148333108,0.5155195681511471,0.0468349304899446,8.910450756416656,9.004053937728395
ABB India Limited,L32202KA1949PLC032923,2016,non_defaulter,Engineering / Manufacturing,0,0.0776096235933255,0.0962740106456838,0.0432770192085165,0.0483766653731729,0.4196093648945803,0.1116285086017332,1.0372596153846154,0.0795498641831587,8.952993499320474,9.064389316491878
ABB India Limited,L32202KA1949PLC032923,2017,non_defaulter,Engineering / Manufacturing,0,0.0684068406840684,0.1133902198884148,0.0689202494256645,0.0472547254725472,0.4011026102610261,0.0891089108910891,1.14616497829233,0.0339783978397839,9.092457331319466,8.715059959545654
ABG Shipyard Ltd,L61200GJ1985PLC007730,2014,defaulter,Shipbuilding,1,0.4001964252894688,0.0030908113039275,-0.1356825314697693,-0.016352364323785,0.1048536902355134,-0.019074749914669,-51.20704845814978,0.0128816919158768,9.408194012352874,7.292248676682692
ABG Shipyard Ltd,L61200GJ1985PLC007730,2015,defaulter,Shipbuilding,1,0.5353443537988715,-0.7324553444118942,-2.327275555440334,-0.0726612538335954,0.0366689627094059,-0.071702905559796,3.1354546419849223,-0.0116685377661257,9.421782932926712,5.9551376428479665
ABG Shipyard Ltd,L61200GJ1985PLC007730,2016,defaulter,Shipbuilding,1,0.7870963961324348,-81.48814749780509,-108.41995902838748,-0.3339908494669701,-0.2926917442358403,-0.061378890666907,0.2445114834168328,0.0017435596925781,9.314001945248354,3.5313480661272005
Alok Industries Ltd,L17110DN1986PLC000334,2013,defaulter,Textiles,1,0.5550037219454069,0.2521032747172748,0.0461979892307113,0.0372057065247057,0.1500499965833309,,,,10.115840696231476,9.899366572951823
Alok Industries Ltd,L17110DN1986PLC000334,2015,defaulter,Textiles,1,0.4520097818103026,0.2381490525387334,0.0157590896274499,0.0118818060781318,0.1375861768220972,0.1149478544202798,0.6401778988731427,-0.0216677046269407,10.287130956383375,10.004721967536176
Alok Industries Ltd,L17110DN1986PLC000334,2016,defaulter,Textiles,1,0.6148904930869937,-0.2246148608392203,-0.3579879138650098,-0.128655328520739,0.1551449895999021,-0.0770219013826012,0.9541492989768852,-0.0022941392389575,10.39488567863602,9.371523409567573
Asian Star Company Ltd,L36910MH1995PLC086017,2015,defaulter,Gems & Jewellery,1,0.505421686746988,0.0439753737906772,0.0189094107299912,0.0259036144578313,0.2921686746987952,0.0132530120481927,0.22,-0.0012048192771084,7.414572881350589,7.729295674310482
Asian Star Company Ltd,L36910MH1995PLC086017,2016,defaulter,Gems & Jewellery,1,0.4670079635949943,0.0383480825958702,0.0168563000421407,0.0227531285551763,0.3367463026166097,0.0329920364050056,0.6373626373626373,0.0062571103526734,7.471932078245122,7.771910256435763
Asian Star Company Ltd,L36910MH1995PLC086017,2017,defaulter,Gems & Jewellery,1,0.4386261261261261,0.0407860585836114,0.0163144234334445,0.0247747747747747,0.3558558558558558,0.0726351351351351,1.1727272727272726,0.0118243243243243,7.4821189235521155,7.89989532313973
Bajaj Finance Limited,L65910MH1987PLC042961,2021,non_defaulter,NBFC / Leasing,0,0.7220936623181279,0.5614564303012278,0.1680757955559332,0.0286077926585866,0.2590176737728153,0.0317173353388678,0.3318955732122588,0.0050403517398976,11.837064820432346,10.066328930041957
Bajaj Finance Limited,L65910MH1987PLC042961,2022,non_defaulter,NBFC / Leasing,0,0.7323068499020933,0.5962614810562572,0.2278272101033295,0.0377937946755387,0.2495878393257825,-0.1419856324062446,-1.4354654311330406,0.0089336198122809,12.031820443742175,10.23537787965223
Bajaj Finance Limited,L65910MH1987PLC042961,2023,non_defaulter,NBFC / Leasing,0,0.7467267059231035,0.6655643986100213,0.2883645331240892,0.0475233806719778,0.2372566678212677,-0.1260916753261748,-1.149557894736842,-0.0077681561020667,12.285461293199246,10.482457688033676
Bharat Heavy Electricals Limited,L74899DL1964GOI004281,2015,non_defaulter,Engineering / Manufacturing,0,0.0017200163255786,0.1077253638050591,0.0461959175700752,0.0206839251355606,0.4896944784560667,0.0112967173925718,0.2342097310365669,-0.0300274036499329,11.136106121051972,10.332571526242926
Bharat Heavy Electricals Limited,L74899DL1964GOI004281,2016,non_defaulter,Engineering / Manufacturing,0,0.0030877879515125,0.005143911728904,-0.0278792162406251,-0.0108531160671976,0.484446414650178,0.0053042694018557,2.648854961832061,0.0041883856372002,11.08856801513024,10.145138775406078
Bharat Heavy Electricals Limited,L74899DL1964GOI004281,2017,non_defaulter,Engineering / Manufacturing,0,0.0024358557973367,0.0664322138209952,0.0174432917179532,0.0080545631698603,0.5164826242286457,0.0091263397206885,0.297511911064055,-0.0076973043195842,11.028092421478492,10.2553760597409
Bhushan Steel Limited,L27109DL1990PLC040690,2014,defaulter,Steel & Metals,1,0.6235550052741108,0.2813805120594306,0.0064035850154457,0.0012134567575793,0.1763409617643614,0.0452668723563348,0.8489563246761356,-0.001384037912494,10.84077118344408,9.177386302332089
Bhushan Steel Limited,L27109DL1990PLC040690,2015,defaulter,Steel & Metals,1,0.7282380652126579,0.2045394555771917,-0.1177772955831283,-0.023698521495621,0.145632416715053,0.041076013390913,0.9980482025093228,7.333551071756907e-05,10.876300762752775,9.27291790914088
Bhushan Steel Limited,L27109DL1990PLC040690,2016,defaulter,Steel & Metals,1,0.7820580711703637,0.1786212056126473,-0.2405709574899831,-0.0524265007553676,0.0830520322915501,-0.0049904854330928,-0.1282041552034911,0.0014121367689911,10.899680551453264,9.376077666975329
Blue Dart Express Limited,L66000MH1991PLC062329,2018,non_defaulter,Logistics,0,0.1353996737357259,0.1013973486205661,0.0508778215693299,0.1158238172920065,0.4869494290375203,0.1712887438825448,0.7420494699646644,-0.0244698205546492,7.111512116496157,7.934155233536322
Blue Dart Express Limited,L66000MH1991PLC062329,2019,non_defaulter,Logistics,0,0.1065693430656934,0.060347551342812,0.0278041074249605,0.0642335766423357,0.4678832116788321,0.1145985401459854,0.8219895287958116,0.0291970802919708,7.222566018822171,8.059908334578276
Blue Dart Express Limited,L66000MH1991PLC062329,2020,non_defaulter,Logistics,0,0.0480461242793081,0.0435881238155401,-0.0120025268477574,-0.0243433696348494,0.358744394618834,0.0602178090967328,0.6811594202898551,-0.1076233183856502,7.353081920515432,8.060224240440958
Britannia Industries Limited,L15412WB1918PLC002964,2016,non_defaulter,FMCG / Foods,0,0.0003225806451612,0.1601138127263321,0.0986808070356958,0.2461290322580645,0.6425806451612903,0.2832258064516129,0.7092084006462036,-0.0029032258064516,8.039157390473237,8.953122840328222
Britannia Industries Limited,L15412WB1918PLC002964,2017,non_defaulter,FMCG / Foods,0,0.0002705627705627,0.1602091751842168,0.1003090087948657,0.2283549783549783,0.6920995670995671,0.1087662337662337,0.2982195845697329,0.0008116883116883,8.215006432761575,9.037652264150466
Britannia Industries Limited,L15412WB1918PLC002964,2018,non_defaulter,FMCG / Foods,0,0.0021612275772638,0.1683147033533963,0.1018916595012897,0.2048843743246163,0.6939701750594338,0.2556732223903177,0.7554278416347382,0.0121028744326777,8.439663988907,9.1381996941985
C Mahendra Exports Limited,L27205MH2007PLC166717,2013,defaulter,Gems & Jewellery,1,0.499105713135248,0.0588224150342893,0.0147624370098132,0.0145941997771306,0.2506344286396538,0.0095468634409911,0.164170692431562,0.0007304123083838,7.666587198520926,7.655125458152122
C Mahendra Exports Limited,L27205MH2007PLC166717,2014,defaulter,Gems & Jewellery,1,0.4718376303734348,0.0484998493179785,0.0029247133336297,0.0025274195132155,0.2306142227117674,0.0062630480167014,0.1494346541713354,-0.0007599335698519,7.758892900897696,7.612895257593758
C Mahendra Exports Limited,L27205MH2007PLC166717,2015,defaulter,Gems & Jewellery,1,0.5715694257767663,-0.0892872444345426,-0.2295590478312282,-0.0657075022809995,0.2055303201247927,-0.0129943391968919,0.5084452975047984,-8.339138027450481e-05,7.620008766031817,6.36906158954034
Carborundum Universal Limited,L99999TN1954PLC000759,2015,non_defaulter,Engineering / Manufacturing,0,0.0732984293193717,0.2299741602067183,0.1274763135228251,0.1291448516579406,0.7338568935427574,0.0924956369982548,0.3970037453183521,-0.0043630017452006,7.044032897274685,7.057036981697891
Carborundum Universal Limited,L99999TN1954PLC000759,2016,non_defaulter,Engineering / Manufacturing,0,0.0858267716535433,0.1842105263157894,0.0897832817337461,0.0913385826771653,0.7401574803149606,0.0881889763779527,0.4705882352941176,0.0023622047244094,7.146772179452637,7.163946684342547
Carborundum Universal Limited,L99999TN1954PLC000759,2017,non_defaulter,Engineering / Manufacturing,0,0.0023130300693909,0.1756756756756756,0.0867709815078236,0.0940632228218966,0.7987663839629915,0.1364687740940632,0.7165991902834008,-0.0015420200462606,7.167809184316444,7.248504072370611
Coal India Limited,L23109WB1973GOI028844,2015,non_defaulter,Mining,0,0.0,35.92506459948321,34.58139534883721,0.6041713692384091,0.4703173671617534,0.5690488014085143,0.9066388549233978,-0.0035664304094623,10.00563792118106,5.958424693029782
Coal India Limited,L23109WB1973GOI028844,2016,non_defaulter,Mining,0,0.0,81.66666666666667,81.33823529411765,0.7760991580916745,0.4550514499532273,-0.036623012160898,-0.0469987995198079,0.0082787652011225,9.970211184579036,5.318119993844216
Coal India Limited,L23109WB1973GOI028844,2017,non_defaulter,Mining,0,0.0,49.62758620689655,49.99655172413793,0.7677115323520067,0.4082389071269723,-0.0393942602986339,-0.0516953863257365,0.0237742242931271,9.846176185823014,5.66988092298052
Cochin Shipyard Limited,L63032KL1972GOI002414,2014,non_defaulter,Shipbuilding,0,0.1118178774690324,0.2658509454949944,0.1568409343715239,0.0944091061265483,0.4606628724472715,-0.1955138935386675,-1.2217573221757323,-0.099765651155005,8.00202481821611,7.494430215031565
Cochin Shipyard Limited,L63032KL1972GOI002414,2015,non_defaulter,Shipbuilding,0,0.0425458318920788,0.1054958938723941,0.0435881238155401,0.0238671739882393,0.49844344517468,0.2293324109304738,3.970059880239521,0.1535800760982359,7.969357742016346,7.367077059881012
Cochin Shipyard Limited,L63032KL1972GOI002414,2016,non_defaulter,Shipbuilding,0,0.036727381307853,0.2507537688442211,0.1467336683417085,0.0871902060316512,0.5108987757539564,0.0119438638399522,0.0801603206412825,0.0164228127799343,8.116417072794205,7.595889917718538
Cox & Kings Limited,L63040MH1939PLC011352,2016,defaulter,Travel / Aviation / Hospitality,1,0.2952038369304556,0.1204353932584269,0.0579353932584269,0.039568345323741,0.5860911270983213,0.0606714628297362,0.7376093294460642,0.0237410071942446,8.335671314792847,7.954372272531867
Cox & Kings Limited,L63040MH1939PLC011352,2017,defaulter,Travel / Aviation / Hospitality,1,0.2848579040852576,0.1190247032402951,0.0580686557587423,0.0401865008880994,0.6145648312611013,-0.0297513321492007,-0.3611859838274933,-0.008436944937833,8.412721169819527,8.044626279767337
Cox & Kings Limited,L63040MH1939PLC011352,2018,defaulter,Travel / Aviation / Hospitality,1,0.3660960795140806,0.1608844834159359,0.0670987418985894,0.0323946254371433,0.5378244064053009,-0.1172464568378428,-1.509478672985782,0.0139885882569482,8.600246746551523,7.872073979866873
DLF Limited,L70101DL1963PLC004462,2016,non_defaulter,Real Estate,0,0.3170863613317559,0.8862506902263942,0.413307564881281,0.0505999661990873,0.4651343586276829,0.02869697481832,0.2644859813084112,0.0010140273787392,10.295022755110796,8.19478163844336
DLF Limited,L70101DL1963PLC004462,2017,non_defaulter,Real Estate,0,0.3167015341701534,0.5981636510937078,0.1612206319200648,0.0208158995815899,0.5002440725244073,-0.0242677824267782,-0.3142212189616253,-0.0045327754532775,10.263955294713556,8.216898580913613
DLF Limited,L70101DL1963PLC004462,2018,non_defaulter,Real Estate,0,0.1732175918900051,0.556282722513089,0.1194371727748691,0.0110783986402403,0.7004583118341579,0.000940905089993,0.018235294117647,0.0025191974990135,10.40265548874465,8.024862150286411
Dabur India Limited,L24230UP1975PLC003919,2016,non_defaulter,FMCG / Foods,0,0.0196388261851015,0.2419475655430711,0.1754681647940074,0.2115124153498871,0.6586907449209932,0.2167042889390519,0.7430340557275542,0.0024830699774266,8.39615486303918,8.582980931954241
Dabur India Limited,L24230UP1975PLC003919,2017,non_defaulter,FMCG / Foods,0,0.0544374161395438,0.2617652617652617,0.1886221886221886,0.1912976806593828,0.6674333908376462,0.1776883266244968,0.6693140794223826,-0.0049837071113666,8.559677803022392,8.57376254290413
Dabur India Limited,L24230UP1975PLC003919,2018,non_defaulter,FMCG / Foods,0,0.0493720970239119,0.2677038626609442,0.1917024320457797,0.1844142439360055,0.6968862893514537,0.1403750215035265,0.5450901803607214,0.0101496645449853,8.66785206770135,8.629092283913646
Deccan Chronicle Holdings,L22122TG2002PLC040110,2010,defaulter,Media,1,0.1667340447812808,0.5380280112044817,0.2923473389355742,0.1270864891456292,0.5891461163417092,0.1946578084740561,0.8322747245881837,0.112985792147446,7.6271012543435,6.794026513653794
Deccan Chronicle Holdings,L22122TG2002PLC040110,2011,defaulter,Media,1,0.3230417459023816,0.3559559908211769,0.1665505654810687,0.0736122430498958,0.5575704065924115,0.0635289323553382,0.4038046450053242,0.0507787738839083,7.700114109613031,6.883626507403542
Deccan Chronicle Holdings,L22122TG2002PLC040110,2012,defaulter,Media,1,0.9253950753399486,-0.3921738245471198,-1.3235294117647058,-0.246683501084753,-0.0075351803772332,0.0214626975376699,-0.2936291682885688,-0.1631089139429289,8.347009669714401,6.667058568420338
Dilip Buildcon Limited,L45201MP1987PLC003821,2014,non_defaulter,Infrastructure,0,0.4606822262118492,0.2059585492227979,0.0837651122625215,0.0696588868940754,0.2402154398563734,0.0201077199281867,0.1174004192872117,0.0053859964093357,7.932003152361385,7.747596838692885
Dilip Buildcon Limited,L45201MP1987PLC003821,2015,non_defaulter,Infrastructure,0,0.5308452250274424,0.2179878048780487,0.055640243902439,0.03205268935236,0.1659714599341383,0.0482985729967069,0.3846153846153846,0.0366630076838638,8.423980809694058,7.8724551500639794
Dilip Buildcon Limited,L45201MP1987PLC003821,2016,non_defaulter,Infrastructure,0,0.4752081756245269,0.2038567493112947,0.0553468569997495,0.0418243754731264,0.1788417865253595,0.0808099924299772,0.5245700245700246,-0.024224072672218,8.572438665642215,8.292298107063221
Dr Reddy's Laboratories Limited,L85195TG1984PLC004507,2015,non_defaulter,Pharma,0,0.1899611084103062,0.2611127759464589,0.1677155129357706,0.1020296548371414,0.641042780748663,0.1085318424890617,0.6832440703902066,-0.0034030140982012,9.708445431332793,9.211439767419485
Dr Reddy's Laboratories Limited,L85195TG1984PLC004507,2016,non_defaulter,Pharma,0,0.1754336081887972,0.2323163622230858,0.1335017489312087,0.0781347739550753,0.6820017059994313,0.1562126812624396,1.1488916771225428,0.0076769974410008,9.774801544908083,9.239122173401634
Dr Reddy's Laboratories Limited,L85195TG1984PLC004507,2017,non_defaulter,Pharma,0,0.1431872073934456,0.2403292181069959,0.1423868312757201,0.0841490849395026,0.7003100869459475,0.0617741837417158,0.4349315068493151,-0.008268985225269,9.707898368741269,9.181940897454483
Elder Pharmaceuticals Ltd,L24239MH1983PLC029714,2012,defaulter,Pharma,1,0.4554930760525917,0.2299810092516426,0.0853771237648396,0.0490392804227866,0.3915151020217693,0.0113629735058389,0.0860196061114545,-0.0713627401798943,7.446783445880112,6.892326870824918
Elder Pharmaceuticals Ltd,L24239MH1983PLC029714,2013,defaulter,Pharma,1,0.4402892814607174,0.2394615197469791,0.07601978752737,0.0424502882399025,0.3429262350389225,-0.0121545310044696,-0.0908967759414792,-0.0187933322162999,7.699946568638683,7.117286602876485
Elder Pharmaceuticals Ltd,L24239MH1983PLC029714,2014,defaulter,Pharma,1,0.2813557395764993,-0.1509297371088175,0.0163815748650381,0.0040913951554161,0.3952070752207132,0.5958300831193789,-15.80635877757983,0.2327497584940359,7.568260459126154,6.180989265398516
Era Infra Engineering,L74899DL1990PLC041350,2015,defaulter,Infrastructure,1,0.746736583733125,0.1177856301531213,-0.3869257950530035,-0.0733013499944215,0.0871360035702331,0.0276693071516233,1.24,0.0042396519022648,9.100860271357362,7.437206366871292
Era Infra Engineering,L74899DL1990PLC041350,2016,defaulter,Infrastructure,1,0.8515579414167347,-0.3047068538398018,-1.0867052023121386,-0.1535768467732524,-0.0618508577430271,0.0618508577430271,-1.4363143631436317,-0.0026840938265841,9.055906318669118,7.099201743553092
Era Infra Engineering,L74899DL1990PLC041350,2017,defaulter,Infrastructure,1,0.955361534677816,-0.1684558216350123,-1.069364161849711,-0.1592474176094441,-0.2241760944417117,0.0316035415641908,-1.2598039215686274,-0.0013526807673389,9.003562174748238,7.099201743553092
First Leasing Co of India,L65910TN1973PLC006423,2011,defaulter,NBFC / Leasing,1,0.7208153180975911,0.9310344827586208,0.3060344827586206,0.0438542310067943,0.1754169240271772,-0.0938851142680667,-0.7037037037037037,0.0055589870290302,7.389563953677635,5.44673737166631
First Leasing Co of India,L65910TN1973PLC006423,2012,defaulter,NBFC / Leasing,1,0.7333333333333333,0.95260663507109,0.1516587677725118,0.0180790960451977,0.1757062146892655,-0.0813559322033898,-0.7164179104477612,-0.0062146892655367,7.478734825567875,5.351858133476067
First Leasing Co of India,L65910TN1973PLC006423,2013,defaulter,NBFC / Leasing,1,0.7345225603357818,0.9705882352941176,0.1470588235294117,0.0183630640083945,0.1789087093389297,-0.1117523609653725,-0.922077922077922,0.0110178384050367,7.552762084214147,5.472270673671475
Gammon India Ltd,L74999DL1922PLC000997,2014,defaulter,Infrastructure,1,0.5233991777534672,0.2104117746155406,0.0233099431691208,0.0074769735681264,0.1173973074072767,-0.0023191851642728,-0.0343621836244505,0.0022596340473585,9.112489367007704,7.975437458930947
Gammon India Ltd,L74999DL1922PLC000997,2016,defaulter,Infrastructure,1,0.4623410243084496,0.2587379000728018,0.0169398980774934,0.0098567380198272,0.2189064629685921,0.0004049773977505,0.0026899754450183,0.0031064610074425,9.229956707411308,8.688440319128611
Gammon India Ltd,L74999DL1922PLC000997,2017,defaulter,Infrastructure,1,0.5261129599265759,0.2723519002275217,-2.3312828291340133,-0.2780067629241692,0.095375988772005,0.0210390919794533,0.6477929042904291,-0.0115210884991768,8.694634525940238,6.568106000905103
Gitanjali Gems Limited,L36911MH1986PLC040689,2015,defaulter,Gems & Jewellery,1,0.5337690839694657,0.0763880060296761,0.0026348399607148,0.0019995759117896,0.2940564037319762,0.0266507633587786,0.4597278612970482,-0.0064016115351993,9.151863442217207,8.875976112010202
Gitanjali Gems Limited,L36911MH1986PLC040689,2016,defaulter,Gems & Jewellery,1,0.5179844107288902,0.0486720889391594,0.0041727437790213,0.0041597353199175,0.2991263257649518,0.0637591173868776,1.3140694874441006,0.002799429543208,9.285850360844996,9.282728008057154
Gitanjali Gems Limited,L36911MH1986PLC040689,2017,defaulter,Gems & Jewellery,1,0.4046880949748805,0.0509671975590481,0.0037955922585971,0.0030493422264804,0.2524013953888295,0.0421902445615457,1.0303734813259335,0.0019277186129638,9.474684214247526,9.255769656616602
Grasim Industries Limited,L17124MP1947PLC000410,2015,non_defaulter,Textiles,0,0.0776192133658197,0.1566666666666666,0.0841269841269841,0.0368952314653672,0.7720849286460146,0.0311869126348764,0.4539007092198581,0.0018795683954054,9.57254997141339,8.748304912379623
Grasim Industries Limited,L17124MP1947PLC000410,2016,non_defaulter,Textiles,0,0.1033378287255563,0.2031441632288995,0.1082617906121083,0.054562823106316,0.7742189256012587,0.075354012137559,0.7360043907793633,-0.0010676556529557,9.786728991925932,9.101529466118004
Grasim Industries Limited,L17124MP1947PLC000410,2017,non_defaulter,Textiles,0,0.0353130824643594,0.2541078677749855,0.150782911270056,0.0785854616895874,0.8129565261195909,0.1137977935620371,0.8592620768352985,0.0006045035514583,9.89600966268017,9.24435525056346
HCC (Hindustan Construction Co Ltd),L26922MH1926PLC000407,2016,defaulter,Infrastructure,1,0.4654954093076114,0.2682011967393033,0.0255527301458037,0.0094629978409665,0.1723032553271804,0.0370451000325552,0.3729740599235873,-0.0007599558207023,9.21171342890194,8.218358492309926
HCC (Hindustan Construction Co Ltd),L26922MH1926PLC000407,2017,defaulter,Infrastructure,1,0.3553121301537489,0.2675955919544559,0.0159840079207068,0.0053025799760442,0.2310696734553257,0.0570761461552055,0.6429454761162667,0.0007122468979773,9.324024351301649,8.220629123903995
HCC (Hindustan Construction Co Ltd),L26922MH1926PLC000407,2018,defaulter,Infrastructure,1,0.2949458544854328,0.2229874861081348,0.0193190369635746,0.0069061474778264,0.2381378254320462,0.1173706578254677,1.4724097085642769,0.0039478970233105,9.326008283444768,8.297329256276882
HT Media Limited,L22121DL2002PLC117874,2014,non_defaulter,Media,0,0.1802162595114137,0.2127361791462561,0.1091672498250524,0.0624749699639567,0.5454545454545454,0.0732879455346415,0.6019736842105263,-0.0100120144173007,7.822845290279774,7.264730177929867
HT Media Limited,L22121DL2002PLC117874,2015,non_defaulter,Media,0,0.1077534791252485,0.160553633217993,0.0788927335640138,0.0453280318091451,0.5785288270377733,0.1157057654075546,1.2543103448275863,0.0174950298210735,7.83002808253384,7.275864600546533
HT Media Limited,L22121DL2002PLC117874,2016,non_defaulter,Media,0,0.2837252475247525,0.1854569713142094,0.0620413609072715,0.0287747524752475,0.4820544554455445,0.0426980198019802,0.4964028776978417,-0.0145420792079207,8.080856419640986,7.312553498102598
Hanung Toys and Textiles,L74999DL1990PLC041722,2015,defaulter,Textiles,1,1.6398467432950192,-7.346456692913386,-9.976377952755906,-0.8090676883780332,-0.6781609195402298,-0.0063856960408684,0.0107181136120042,0.0031928480204342,7.356279876550748,4.844187086458591
Hanung Toys and Textiles,L74999DL1990PLC041722,2016,defaulter,Textiles,1,2.8115384615384613,-6.741935483870968,-11.75268817204301,-1.4012820512820512,-2.764102564102564,-0.023076923076923,0.0287081339712918,-0.0115384615384615,6.659293919683638,4.532599493153256
Hanung Toys and Textiles,L74999DL1990PLC041722,2017,defaulter,Textiles,1,3.264437689969605,-3.7777777777777777,-12.22222222222222,-0.1671732522796352,-3.443768996960486,0.0273556231003039,-0.5294117647058824,-0.0,6.489204931325317,2.1972245773362196
Hindustan Unilever Limited,L15140MH1933PLC002030,2016,non_defaulter,FMCG / Foods,0,0.0,0.2022471910112359,0.1331895302791281,0.297198275862069,0.4355603448275862,0.2854885057471264,0.632601082457816,-0.0061063218390804,9.54108193388841,10.343708291934568
Hindustan Unilever Limited,L15140MH1933PLC002030,2017,non_defaulter,FMCG / Foods,0,0.0,0.2136719974913766,0.1407964879272499,0.3043861433123178,0.425327096468036,0.3357738458409599,0.7268858233049603,-0.0042708968883465,9.599066156080047,10.370047760004104
Hindustan Unilever Limited,L15140MH1933PLC002030,2018,non_defaulter,FMCG / Foods,0,0.0,0.2254308472121651,0.1516871832005792,0.3053822380313721,0.3999650125371742,0.3448014461484635,0.7597327508672749,5.831243804303458e-05,9.749695141856147,10.449438978277492
Housing Development and Infra,L70100MH1996PLC101379,2016,defaulter,Real Estate,1,0.1278250755340658,0.5674868415422141,0.2913774658735932,0.0215922149809864,0.6707818251465654,0.025172314069504,0.5985853893949448,-0.0040716095922555,9.66572009119138,7.063433363161815
Housing Development and Infra,L70100MH1996PLC101379,2017,defaulter,Real Estate,1,0.1246221602091176,0.7262559615087014,0.2465497108932063,0.0110544947165507,0.6867039502235499,0.0099859461259751,0.3066656335354396,-0.0019863397353733,9.671131697959376,6.56640516483657
Housing Development and Infra,L70100MH1996PLC101379,2018,defaulter,Real Estate,1,0.1052440018185934,0.8618697614442296,0.2458542875564152,0.0058808179722436,0.6801089182021588,0.0230747924317395,1.1192734671893234,3.7013435260108833e-06,9.69340397232633,5.960360802056648
IRB Infrastructure Developers Limited,L65910MH1998PLC115967,2014,non_defaulter,Infrastructure,0,0.3710277214334009,0.2377938517179023,0.1301989150090416,0.0486815415821501,0.2356321839080459,0.0868830290736984,0.9771863117870724,-0.0057471264367816,8.68541582383069,7.701652362642226
IRB Infrastructure Developers Limited,L65910MH1998PLC115967,2015,non_defaulter,Infrastructure,0,0.3540442205429611,0.2275051124744376,0.0705521472392638,0.0193115029387069,0.2516092919115589,0.0906801007556675,1.456179775280899,-0.0012594458438287,8.874308038583354,7.578656850594762
IRB Infrastructure Developers Limited,L65910MH1998PLC115967,2016,non_defaulter,Infrastructure,0,0.3718650541056651,0.2272398843930635,0.1054913294797687,0.0371737746658179,0.257288351368555,0.0682367918523233,0.8521462639109698,0.0045830681094844,8.96890555068972,7.92588031673756
ITC Limited,L16005WB1910PLC001985,2016,non_defaulter,FMCG / Foods,0,0.0008394795226959,0.4238854112565945,0.2549818221578329,0.186444404469229,0.8165337490755732,0.1841258419779736,0.5940542980589412,0.0007195538765965,10.82039809228969,10.507338930610484
ITC Limited,L16005WB1910PLC001985,2017,non_defaulter,FMCG / Foods,0,0.0004795632285672,0.4138223552894212,0.2545159680638723,0.1881547882543898,0.8138925778368009,0.1844842850818946,0.6030387073435427,0.0015493581230633,10.900731346815949,10.598632735758748
ITC Limited,L16005WB1910PLC001985,2018,non_defaulter,FMCG / Foods,0,0.0002885493980538,0.4457656326932545,0.2762924667651403,0.1799105496866033,0.8044115996858018,0.2028021352655456,0.6986800684818026,-0.0009618313268463,11.041016020812398,10.612015835134375
IVRCL Limited,L45201AP1987PLC007959,2014,defaulter,Infrastructure,1,0.4773298241416437,-0.005574912891986,-0.1665505226480836,-0.0857758105036487,0.1661682019380308,-0.0608924512501495,21.208333333333332,0.0027515253020696,9.031094081699155,8.367532416861831
IVRCL Limited,L45201AP1987PLC007959,2015,defaulter,Infrastructure,1,0.5365798669823019,0.0227783124799486,-0.2155919153031761,-0.0757524518092661,0.1176868447751099,-0.0462180137526772,-5.774647887323944,-0.0002254537256228,9.090542808520588,8.044626279767337
IVRCL Limited,L45201AP1987PLC007959,2016,defaulter,Infrastructure,1,0.5880052151238592,-0.1481795088907705,-0.4521591871295512,-0.126585279127652,0.0343724072537631,-0.0154083204930662,0.3714285714285714,-0.0026075619295958,9.040382074165628,7.767263996757308
Indian Hotels Company Limited,L74999MH1902PLC000183,2015,non_defaulter,Travel / Hospitality,0,0.445818282856349,0.1032608695652173,-0.0405138339920948,-0.0113920533481522,0.352042233953876,0.0557099194220616,1.9186602870813396,0.0338983050847457,8.881558488638976,7.6128310304073565
Indian Hotels Company Limited,L74999MH1902PLC000183,2016,non_defaulter,Travel / Hospitality,0,0.3616557734204793,0.2301587301587301,0.037037037037037,0.0140774258421317,0.3815987933634992,0.0785989609519021,0.8984674329501916,-0.0440757499581029,8.693999567522082,7.726653664847643
Indian Hotels Company Limited,L74999MH1902PLC000183,2017,non_defaulter,Travel / Hospitality,0,0.3285233285233285,0.2543713572023314,0.0595337218984179,0.0229276895943562,0.4277697611030944,0.0734327400994067,0.7495908346972177,-0.0011223344556677,8.738254576526122,7.784057002639929
Infosys Limited,L85110KA1981PLC013115,2015,non_defaulter,IT / Services,0,0.0,0.3746088794926004,0.2571670190274841,0.196787083623186,0.7683496999013153,0.1286946111659359,0.4489531011908121,0.058596088201511,11.031868977311118,10.764265574480024
Infosys Limited,L85110KA1981PLC013115,2016,non_defaulter,IT / Services,0,0.0,0.3466832150862308,0.2351295778300576,0.174517406368586,0.8240389374690645,0.1316889402188857,0.5117819930537002,0.0199912005719628,11.194536731739284,10.89642446116701
Infosys Limited,L85110KA1981PLC013115,2017,non_defaulter,IT / Services,0,0.0,0.3418678000978259,0.2330617821180994,0.1729736496213306,0.8370657820617137,0.1311635475996745,0.5169470620158864,-0.1254678600488201,11.288343379461672,10.990179070308544
InterGlobe Aviation Limited,L62100DL2004PLC129768,2016,non_defaulter,Travel / Aviation,0,0.2569279493269992,0.2279429987608426,0.1230483271375464,0.1572446555819477,0.1870942201108472,0.2467141726049089,0.8469692851318293,0.0442596991290578,9.443830215344535,9.68905594182394
InterGlobe Aviation Limited,L62100DL2004PLC129768,2017,non_defaulter,Travel / Aviation,0,0.1706771860618014,0.1618406889128094,0.0892895586652314,0.1090729783037475,0.2247205785667324,0.2486522024983563,1.2577319587628866,-0.0428665351742274,9.62970838525334,9.82984101236783
InterGlobe Aviation Limited,L62100DL2004PLC129768,2018,non_defaulter,Travel / Aviation,0,0.1160963604524587,0.1727553103687937,0.0973893401676729,0.1061100856642529,0.31676842254721,0.1847224194235411,0.9813930098063868,0.0245160679634625,9.95840178341352,10.044162121818896
JSW Steel Limited,L27102MH1994PLC152925,2014,non_defaulter,Steel & Metals,0,0.4084558501154532,0.163826217493046,0.0294714998454677,0.0195101277292257,0.339300850553883,0.0770759652763569,0.7106858913893006,0.0032151521351533,11.133508148343555,10.721018160386103
JSW Steel Limited,L27102MH1994PLC152925,2015,non_defaulter,Steel & Metals,0,0.3858756609517705,0.1940243452600516,0.0469980688697463,0.0289216471719275,0.3292340970998237,0.1130427816055119,0.946768060836502,0.0051540885541846,11.223802354722045,10.73828619355488
JSW Steel Limited,L27102MH1994PLC152925,2016,non_defaulter,Steel & Metals,0,0.4850900582249551,0.0225297627155583,-0.096166943634729,-0.0480219840017413,0.2735620612722425,0.0771344615552048,6.856106408706167,-0.0046933667083854,11.205149522815317,10.510722751549745
JVL Agro Industries,L15140UP1989PLC011396,2016,defaulter,FMCG / Foods / Agro,1,0.1275510204081632,0.0338199513381995,0.0116788321167883,0.0222634508348794,0.2569573283858998,-0.0946196660482374,-1.4676258992805755,-0.0862708719851577,7.676009932028888,8.32117830749028
JVL Agro Industries,L15140UP1989PLC011396,2017,defaulter,FMCG / Foods / Agro,1,0.1891025641025641,0.0321493388644023,0.0082966035779102,0.0146520146520146,0.2683150183150183,-0.0595238095238095,-1.0483870967741935,0.0151098901098901,7.688913336864796,8.257644958208228
JVL Agro Industries,L15140UP1989PLC011396,2018,defaulter,FMCG / Foods / Agro,1,0.6384284837323512,-0.0661442006269592,0.0250783699059561,0.049109883364027,-0.2443216697360343,-0.1810926949048496,1.3981042654028435,-0.0374462860650706,7.395721608602045,8.06777619577889
Jaiprakash Associates Ltd,L14106UP1995PLC019017,2014,defaulter,Cement,1,0.5765168263325964,0.3032174443427874,0.0315645013723696,0.0084745762711864,0.2712887906329321,0.0053836076312126,0.0661302489313552,-0.0088430361090641,10.79655059829098,9.48158813796454
Jaiprakash Associates Ltd,L14106UP1995PLC019017,2015,defaulter,Cement,1,0.5412045068250714,0.2425339366515837,-0.1157466063348416,-0.0224114668208659,0.3138131034361913,0.0177153971508174,0.3772388059701492,0.0008586097531058,10.95201634103625,9.3101857069459
Jaiprakash Associates Ltd,L14106UP1995PLC019017,2016,defaulter,Cement,1,0.5596202684726085,0.0787892791127541,-0.3259011090573013,-0.0568589511025113,0.2305397670012496,0.0784456000322489,5.706744868035191,-0.0070746160357963,10.812028330950222,9.066008001086264
Jaypee Infratech Ltd,L45203UP2007PLC033119,2014,defaulter,Infrastructure,1,0.4143418467583497,0.3968062669478758,0.0900873757155769,0.0146856581532416,0.2291748526522593,0.0259332023575638,0.4009111617312073,0.0067288801571709,9.921327470664458,8.107418811719974
Jaypee Infratech Ltd,L45203UP2007PLC033119,2015,defaulter,Infrastructure,1,0.4474262638654603,0.416871921182266,0.1092980295566502,0.0181465010478965,0.2536931963400296,0.1049430046516382,1.516248153618907,-0.0151306036906404,9.881395306061313,8.085794701281568
Jaypee Infratech Ltd,L45203UP2007PLC033119,2016,defaulter,Infrastructure,1,0.4999453551912568,0.2178571428571428,-0.1275,-0.0195081967213114,0.2524043715846994,0.0620218579234972,1.860655737704918,-0.0029508196721311,9.814656338829511,7.937374696163295
Jindal Steel & Power Limited,L27105HR1979PLC009913,2015,non_defaulter,Steel & Metals,0,0.6132337015377951,0.2537714712471994,-0.0232262882748319,-0.0067359757418236,0.2690058479532163,0.0313840155945419,0.4264273101824603,-0.0100064977257959,10.740085515501034,9.50226343868522
Jindal Steel & Power Limited,L27105HR1979PLC009913,2016,non_defaulter,Steel & Metals,0,0.4248065085730316,0.1789397240377632,-0.1030501089324618,-0.0234170008416258,0.3791276795880984,0.0729739095994851,1.7946428571428572,0.0008746307572982,11.0120006658815,9.5302475917227
Jindal Steel & Power Limited,L27105HR1979PLC009913,2017,non_defaulter,Steel & Metals,0,0.4214397444004393,0.2014672295660599,-0.068240016610146,-0.0164076280493892,0.3606849269477818,0.0676273837654341,1.3960838199931296,-0.0030785103338103,11.003665281928944,9.57838048699361
Jyoti Structures Ltd,L45200MH1974PLC017494,2014,defaulter,Infrastructure,1,0.2993342843556824,0.1103427540589296,0.0096211665664461,0.0076081787922016,0.1752258678078934,0.0140275796481217,0.1607629427792915,0.0126010461245839,8.344267356262645,8.109525659752872
Jyoti Structures Ltd,L45200MH1974PLC017494,2015,defaulter,Infrastructure,1,0.5185185185185185,0.0664989216391085,-0.0970524802300503,-0.0526315789473684,0.1126705653021442,-0.2140350877192982,-5.935135135135135,-0.0023391812865497,8.542860938164814,7.930925372483388
Jyoti Structures Ltd,L45200MH1974PLC017494,2016,defaulter,Infrastructure,1,0.6081284495735073,0.0501605136436597,-0.2010433386837881,-0.0837932764676367,0.0138819200535206,-0.2660980097006188,-12.728,-0.2083960528516474,8.696008608880904,7.820840879907344
KEC International Limited,L45200MH2005PLC152061,2014,non_defaulter,Infrastructure,0,0.2359476040457635,0.0768409818569904,0.0131117548406769,0.0142596584314375,0.1626595921074448,-0.0044768695075443,-0.0535714285714285,0.0043110595257834,8.704668113450987,8.788593431293735
KEC International Limited,L45200MH2005PLC152061,2015,non_defaulter,Infrastructure,0,0.2509357200976403,0.0857099514563106,0.0168385922330097,0.0180634662327095,0.1723352318958503,0.0102522375915378,0.111504424778761,0.0058584214808787,8.723394022000136,8.793612071589308
KEC International Limited,L45200MH2005PLC152061,2016,non_defaulter,Infrastructure,0,0.3209412942796344,0.1013003901170351,0.0253576072821846,0.0244085617724371,0.1666040806108399,-0.0046313681311803,-0.0474967907573812,-0.0131430717236199,8.985820874482043,8.94767606249969
Kalpataru Projects International Limited,L45203GJ1981PLC103919,2014,non_defaulter,Infrastructure,0,0.1708006962576153,0.1143709597215315,0.0363003480855295,0.0317667536988685,0.4184073107049608,0.0182767624020887,0.1826086956521739,0.0026109660574412,8.432941638968646,8.299534570332597
Kalpataru Projects International Limited,L45203GJ1981PLC103919,2015,non_defaulter,Infrastructure,0,0.2025448477263245,0.1152704861903674,0.037890892490299,0.0346266166040884,0.425531914893617,0.007717980809345,0.0732673267326732,0.0029203170629954,8.475120414994329,8.385032287813898
Kalpataru Projects International Limited,L45203GJ1981PLC103919,2016,non_defaulter,Infrastructure,0,0.1142040038131553,0.1280187573270809,0.0450175849941383,0.036606291706387,0.4163965681601525,0.1441372735938989,1.3846153846153846,0.005910390848427,8.565030520830398,8.35819745992578
Kalyan Jewellers India Limited,L36911KL2009PLC024641,2016,non_defaulter,Gems & Jewellery,0,0.4429668477242929,0.0453745600804424,0.0031422825540472,0.0046825248173815,0.1146282075294999,,,,8.582793648500186,8.981681639973862
Kalyan Jewellers India Limited,L36911KL2009PLC024641,2017,non_defaulter,Gems & Jewellery,0,0.4600181323662738,0.0704150643150775,0.0151173584405251,0.0206708975521305,0.1164097914777878,,,,8.615226931687603,8.928110078202646
Kalyan Jewellers India Limited,L36911KL2009PLC024641,2018,non_defaulter,Gems & Jewellery,0,0.2659542444310656,0.0668916475834639,0.0166325177775099,0.0207706201083684,0.168573148705599,0.0164057796508127,0.1963963963963964,-0.0332630945213726,8.801469470733185,9.023649282664286
Kingfisher Airlines,L85110KA1995PLC018045,2011,defaulter,Travel / Aviation / Hospitality,1,0.9176655769463616,0.0052539404553415,-0.1635089953829008,-0.1243491948177745,-0.4845622956774428,0.0002421600678048,0.0606060606060606,0.0055696815595108,9.019058793810718,8.74528448245438
Kingfisher Airlines,L85110KA1995PLC018045,2012,defaulter,Travel / Aviation / Hospitality,1,1.0166666666666666,-0.3342475772536112,-0.4256719692814042,-0.2552631578947368,-0.68125,-0.0971491228070175,0.4846827133479212,-0.0076754385964912,9.118225083068378,8.606851063346772
Kingfisher Airlines,L85110KA1995PLC018045,2013,defaulter,Travel / Aviation / Hospitality,1,3.510750793091294,-5.305050505050505,-8.688888888888888,-1.5160380683820938,-5.034191046880507,-0.4903066619668664,0.5297029702970297,-0.0574550581600281,7.950502434808851,6.20455776256869
Kwality Ltd,L74899DL1992PLC255519,2015,defaulter,FMCG / Foods / Agro,1,0.5919137466307277,0.0628321943811693,0.0267653758542141,0.076010781671159,0.3159029649595687,0.1035040431266846,0.5800604229607251,0.0064690026954177,7.525639975041536,8.569406062863171
Kwality Ltd,L74899DL1992PLC255519,2016,defaulter,FMCG / Foods / Agro,1,0.5904467049977886,0.0669848002827854,0.0238600212089077,0.0597080937638213,0.3277310924369748,0.0039805395842547,0.0237467018469656,0.0066342326404245,7.72356247227797,8.640825751861513
Kwality Ltd,L74899DL1992PLC255519,2017,defaulter,FMCG / Foods / Agro,1,0.5493624772313297,0.0698091665307454,0.0267493068015005,0.0597449908925318,0.3551912568306011,0.0867030965391621,0.5560747663551402,0.0171220400728597,7.917536353943631,8.721113147762688
Lanco Infratech Ltd,L45200TG1993PLC015545,2014,defaulter,Infrastructure,1,0.2968929204462517,-0.0961538461538461,-0.4293381037567084,-0.0500469189865498,0.1269419247210927,-0.009540193931811,0.8511627906976744,0.0039620477531018,9.861727618287896,7.71244383427499
Lanco Infratech Ltd,L45200TG1993PLC015545,2015,defaulter,Infrastructure,1,0.3318042067249036,0.1253581661891117,-0.4813753581661891,-0.0327948855595139,0.0871114147674588,0.0020984822605046,0.2457142857142857,0.0092723634766482,9.927741044336832,7.241366283322318
Lanco Infratech Ltd,L45200TG1993PLC015545,2016,defaulter,Infrastructure,1,0.4019852433780986,0.2208910520404343,-0.1695994009734182,-0.0240458623069165,0.0865757205796486,-0.0845586283773024,-2.7,-0.0148097032751207,9.843684468165376,7.890208213109961
Larsen & Toubro Limited,L99999MH1946PLC004768,2014,non_defaulter,Infrastructure,0,0.1463380371623779,0.1639628482972136,0.0971782397169394,0.0701487772172913,0.4275078219781623,0.0133707936913351,0.1129693569270608,0.0043036843113466,11.268366736900534,10.94243829714617
Larsen & Toubro Limited,L99999MH1946PLC004768,2015,non_defaulter,Infrastructure,0,0.1488654147104851,0.1631133434020582,0.0887921042464261,0.0581791402006812,0.4245949553530332,0.0358786707171131,0.3357019810508183,-0.0023359108901776,11.372559340113586,10.94978848490783
Larsen & Toubro Limited,L99999MH1946PLC004768,2016,non_defaulter,Infrastructure,0,0.1397697272663394,0.1414913655285942,0.079142725992054,0.0501902209373525,0.4210859156202005,0.0331255458186526,0.3691688108289518,-0.0068961363567922,11.509128264721843,11.053695589847887
Lemon Tree Hotels Limited,L74899DL1992PLC049022,2016,non_defaulter,Travel / Hospitality,0,0.2601067887109077,0.2538860103626943,-0.082901554404145,-0.0122044241037376,0.1045003813882532,0.034324942791762,0.9183673469387756,0.0007627765064836,7.1785454837637,5.262690188904886
Lemon Tree Hotels Limited,L74899DL1992PLC049022,2017,non_defaulter,Travel / Hospitality,0,0.2457886676875957,0.3211009174311927,0.0321100917431192,0.0053598774885145,0.111791730474732,0.0551301684532924,1.0285714285714285,0.0007656967840735,7.174724309836376,5.384495062789089
Lemon Tree Hotels Limited,L74899DL1992PLC049022,2018,non_defaulter,Travel / Hospitality,0,0.236822568671121,0.3463203463203463,0.0952380952380952,0.0163325909428359,0.1299183370452858,0.0378619153674833,0.6375,0.0,7.205635176410364,5.442417710521793
Marico Limited,L15140MH1988PLC049208,2016,non_defaulter,FMCG / Foods,0,0.0593195696423378,0.2098333676198313,0.1421518206130425,0.2009305030532131,0.7004943297470195,0.1829020063972085,0.6166666666666667,-0.0017446932247746,8.142936010432265,8.488999457045455
Marico Limited,L15140MH1988PLC049208,2017,non_defaulter,FMCG / Foods,0,0.0287005049162901,0.251288394145537,0.1737786023500309,0.2240233855965984,0.7427584374169546,0.1251660908849322,0.3863822805578343,-0.0005314908317831,8.232971790593437,8.486940148245216
Marico Limited,L15140MH1988PLC049208,2018,non_defaulter,FMCG / Foods,0,0.0303482587064676,0.1990328820116054,0.1388781431334622,0.1786069651741293,0.7243781094527363,0.1017412935323383,0.3974732750242954,-0.0014925373134328,8.299037181613066,8.550627967502475
Mawana Sugars Ltd,L15421DL2002PLC118184,2021,defaulter,FMCG / Foods / Agro,1,0.1970021413276231,0.1293396868618107,0.0503744043567052,0.052819414703783,0.2519628836545324,0.1170592433975731,0.8631578947368421,0.0306923625981441,7.244941546337007,7.292337176173877
Mawana Sugars Ltd,L15421DL2002PLC118184,2022,defaulter,FMCG / Foods / Agro,1,0.387906976744186,0.0751014884979702,0.0223274695534506,0.0306976744186046,0.347906976744186,-0.1404651162790697,-1.3603603603603605,-0.0530232558139534,6.980075940561763,7.298445101508147
Mawana Sugars Ltd,L15421DL2002PLC118184,2023,defaulter,FMCG / Foods / Agro,1,0.3609802073515551,0.0560053981106612,0.0114709851551956,0.0160226201696512,0.35626767200754,0.1027332704995287,1.313253012048193,-0.005655042412818,6.966967138613983,7.301147805856032
Metalyst Forgings,L28910MH1977PLC019569,2014,defaulter,Engineering / Manufacturing,1,0.6084995251661919,0.2580375782881002,0.0805845511482254,0.0458214624881291,0.2514245014245014,0.0785849952516619,0.5355987055016181,-0.0246913580246913,8.345692873253865,7.781138509845015
Metalyst Forgings,L28910MH1977PLC019569,2015,defaulter,Engineering / Manufacturing,1,0.5945159950145409,0.203411513859275,-0.0230277185501066,-0.0112172829248026,0.216867469879518,0.1547569588699626,1.5618448637316562,-0.0189031990029081,8.479283618343016,7.76004068088038
Metalyst Forgings,L28910MH1977PLC019569,2016,defaulter,Engineering / Manufacturing,1,0.6006077707835902,-0.0230149597238204,-0.3141542002301496,-0.0592576514000434,0.1680052094638593,0.0342956370740177,-7.9,0.0002170609941393,8.435332164935916,6.767343125265392
Monnet Ispat & Energy Ltd,L02710CT1990PLC009826,2014,defaulter,Steel & Metals,1,0.6572471226724057,0.2103645147123408,0.0294246815985946,0.0062692991484981,0.2431926639842799,0.0189950407036586,0.4237995824634655,-0.0609151305324225,9.276783328524896,7.7306140660637395
Monnet Ispat & Energy Ltd,L02710CT1990PLC009826,2015,defaulter,Steel & Metals,1,0.7391973910680315,-0.0134965473948524,-0.2498430634023854,-0.0721079807953619,0.1609747259715554,0.0370504574689736,-9.511627906976743,0.0010870549868647,9.309189736018352,8.066521490469993
Monnet Ispat & Energy Ltd,L02710CT1990PLC009826,2016,defaulter,Steel & Metals,1,0.746044226044226,-0.2003284072249589,-0.933223864258347,-0.1675675675675675,0.0384275184275184,0.0618181818181818,-1.7185792349726776,-0.0171007371007371,9.227689010310796,7.510430556378006
Moser Baer India,L51909DL1983PLC015418,2013,defaulter,Engineering / Manufacturing,1,1.0484402739031196,-0.0285714285714285,-0.5452380952380952,-0.2323104235353791,-0.2716205934567588,0.032208977935582,-2.6458333333333335,0.0106517879786964,8.279697133877628,7.426549072397305
Moser Baer India,L51909DL1983PLC015418,2015,defaulter,Engineering / Manufacturing,1,1.6266808209483368,-0.1678082191780822,-0.8047945205479452,-0.3326256192498231,-1.0155697098372258,0.0552016985138004,-0.7959183673469388,-0.0053078556263269,7.946617563244473,7.0630481633881725
Moser Baer India,L51909DL1983PLC015418,2016,defaulter,Engineering / Manufacturing,1,1.9608677158655892,-0.1837416481069042,-1.085746102449889,-0.4147171416418545,-1.6831135686941727,0.0225435984687367,-0.3212121212121212,-0.0068056146320714,7.762596048540069,6.8001700683022
NCC Limited,L72200TG1990PLC011146,2014,non_defaulter,Infrastructure,0,0.2711734414374931,0.094330070874114,0.006918663516706,0.0044921661005806,0.2705160512764326,0.0405390599320696,0.6618962432915921,-0.0021913005368686,9.118992332516877,8.68710472813351
NCC Limited,L72200TG1990PLC011146,2015,non_defaulter,Infrastructure,0,0.2114915721403583,0.101844040014463,0.0134988550078341,0.0118732110675288,0.3278914449273826,0.0544895579349093,0.6082840236686391,0.0027562811406763,9.151969458649852,9.023649282664286
NCC Limited,L72200TG1990PLC011146,2016,non_defaulter,Infrastructure,0,0.2034356093344857,0.113033033033033,0.0288288288288288,0.0259291270527225,0.3403197925669836,0.0528305963699222,0.5196599362380446,0.0152333621434745,9.133027268873512,9.027018314848643
Nakoda Limited,L17111GJ1984PLC045995,2018,defaulter,Textiles,1,0.738102276086314,0.0809523809523809,0.020703933747412,0.0295595625184747,0.0446349394028968,-0.0162577593851611,-0.1406649616368286,-0.0005911912503694,3.521347982792617,3.877431560658527
Nakoda Limited,L17111GJ1984PLC045995,2019,defaulter,Textiles,1,0.5451425554382259,0.0752212389380531,0.0169295883031935,0.0232312565997888,0.1850580781414994,0.0190073917634635,0.1841432225063938,0.0029039070749736,3.6344232683178777,3.950859029213344
Nakoda Limited,L17111GJ1984PLC045995,2020,defaulter,Textiles,1,0.5667361835245046,0.1398963730569948,0.0011956954962136,0.0007820646506777,0.1835245046923879,0.0894160583941605,0.9772079772079774,0.0015641293013555,3.6470152500152375,3.222469360378331
Nestle India Limited,L15202DL1959PLC003786,2016,non_defaulter,FMCG / Foods,0,0.0048458149779735,0.2177004704080516,0.1095066185318893,0.1469897209985315,0.4678414096916299,0.2152716593245227,0.7366834170854272,0.0989720998531571,8.826147399143558,9.12052506765382
Nestle India Limited,L15202DL1959PLC003786,2017,non_defaulter,FMCG / Foods,0,0.0047534972158087,0.227072927072927,0.1223776223776223,0.166372402553307,0.4514464212956675,0.2469102268097243,0.7998240211174659,0.0938476164606818,8.904222737368716,9.211339872309264
Nestle India Limited,L15202DL1959PLC003786,2018,non_defaulter,FMCG / Foods,0,0.0043273986152324,0.2547821466524973,0.1423131420474672,0.1986894164193867,0.4422601384767556,0.2537091988130563,0.7132429614181439,0.0844460929772502,8.998136760700307,9.33184978937338
Oil and Natural Gas Corporation Limited,L74899DL1993GOI054155,2015,non_defaulter,Oil & Gas,0,0.006678492664685,0.4580361575626945,0.2147294237312764,0.0850177389970275,0.6727538594304344,0.1196854923770256,0.6599693332628351,-0.00539361396107,12.248077939675204,11.321559127189037
Oil and Natural Gas Corporation Limited,L74899DL1993GOI054155,2016,non_defaulter,Oil & Gas,0,0.0,0.4647589312208904,0.208233882516869,0.0725628068408653,0.7260641645835956,0.1793569154962504,1.1074591233378674,-0.0004720628697825,12.312358732714491,11.258149337631242
Oil and Natural Gas Corporation Limited,L74899DL1993GOI054155,2017,non_defaulter,Oil & Gas,0,0.0,0.4973348783314021,0.2304622119222351,0.0722916868598752,0.7234095828890827,0.1324189848470162,0.8488143315729523,0.0001171206099964,12.419602129448322,11.260224361413693
PC Jeweller Ltd,L36911DL2005PLC134929,2020,defaulter,Gems & Jewellery,1,0.3077899010403451,0.1079165823041101,0.0157926705810892,0.0098959654909921,0.4576249682821618,0.007612281146917,0.1125703564727955,-0.0086272519665059,8.97233695775495,8.504918160540624
PC Jeweller Ltd,L36911DL2005PLC134929,2021,defaulter,Gems & Jewellery,1,0.3069684638860631,0.1622938530734632,0.022863568215892,0.0077568667344862,0.4844862665310274,0.0123346897253306,0.2240184757505773,0.005086469989827,8.970050661827003,7.889084407035514
PC Jeweller Ltd,L36911DL2005PLC134929,2022,defaulter,Gems & Jewellery,1,0.4498540726983284,-0.0254291163382072,-0.2479338842975206,-0.0517378615017245,0.4534359246484478,-0.0964446802865481,18.175,-0.0045104802334836,8.92771217382708,7.360739903058278
PNC Infratech Limited,L45201UP1999PLC024640,2014,non_defaulter,Infrastructure,0,0.21484375,0.1319444444444444,0.0607638888888888,0.0546875,0.46015625,0.12890625,1.0855263157894737,0.0484375,7.154615356913663,7.049254841255837
PNC Infratech Limited,L45201UP1999PLC024640,2015,non_defaulter,Infrastructure,0,0.223700887198986,0.1473414477898783,0.0640614990390775,0.0633713561470215,0.4302915082382763,0.0399239543726235,0.2739130434782608,-0.050063371356147,7.363913501405819,7.353081920515432
PNC Infratech Limited,L45201UP1999PLC024640,2016,non_defaulter,Infrastructure,0,0.0063492063492063,0.144488579940417,0.1166832174776564,0.1243386243386243,0.7021164021164021,0.0481481481481481,0.3127147766323024,0.0359788359788359,7.544332108053688,7.607878073278507
PSL Limited,L67120DD1987PLC002395,2016,defaulter,Engineering / Manufacturing,1,0.0,0.4821428571428571,0.3169642857142857,0.2382550335570469,0.8590604026845637,0.1677852348993288,0.4629629629629629,-0.0302013422818791,5.697093486505405,5.41164605185504
PSL Limited,L67120DD1987PLC002395,2017,defaulter,Engineering / Manufacturing,1,0.0,0.4732142857142857,0.3080357142857143,0.1875,0.8858695652173914,0.1358695652173913,0.4716981132075472,-0.0027173913043478,5.908082938168931,5.41164605185504
PSL Limited,L67120DD1987PLC002395,2018,defaulter,Engineering / Manufacturing,1,0.0,0.5,0.3119266055045872,0.1548974943052392,0.8952164009111617,0.1594533029612756,0.6422018348623854,-0.0,6.0844994130751715,5.384495062789089
Parekh Aluminex,L27203MH1994PLC080732,2010,defaulter,Engineering / Manufacturing,1,0.5030796495272087,0.1742620158950422,0.0715749968462217,0.0562516265754545,0.3636093244599769,0.0456556493289214,0.3333634965161524,0.0151937638646193,6.693212137887098,6.452301288528901
Parekh Aluminex,L27203MH1994PLC080732,2011,defaulter,Engineering / Manufacturing,1,0.5427646553032218,0.1791987587964758,0.074527622319499,0.0680289312629609,0.3594962318547367,-0.0196853978048657,-0.1203463203463203,-0.0022254817662232,6.896239223020889,6.805002471407307
Parekh Aluminex,L27203MH1994PLC080732,2012,defaulter,Engineering / Manufacturing,1,0.6306300591235505,0.1837561598831903,0.0618068990691732,0.0537060062422289,0.2747849476008018,-0.1683435255906011,-1.054310687326182,0.0034573320815042,7.362873670728427,7.222383520418525
Pratibha Industries,L45200MH1995PLC090760,2015,defaulter,Infrastructure,1,0.4808925365478327,0.1401247401247401,0.0257796257796257,0.015901513208515,0.1844062580148756,-0.0017953321364452,-0.0207715133531157,0.010259040779687,8.268475388982598,7.785305182539862
Pratibha Industries,L45200MH1995PLC090760,2016,defaulter,Infrastructure,1,0.6068569439610163,0.2004256828662646,0.0166725789286981,0.0081796032022276,0.1265227984684998,-0.0316742081447963,-0.3221238938053097,-0.0071353985381134,8.656259239539235,7.944137491114112
Pratibha Industries,L45200MH1995PLC090760,2017,defaulter,Infrastructure,1,0.7861313868613139,-0.3845428840716305,-0.7766258246936852,-0.1503649635036496,0.052919708029197,-0.018978102189781,0.2549019607843137,0.0001824817518248,8.608860379942062,6.966967138613983
Punj Lloyd Ltd,L74899DL1988PLC033314,2016,defaulter,Infrastructure,1,0.4808049535603715,-0.1102150537634408,-0.4522102747909199,-0.1171826625386996,0.1483746130030959,-0.0335139318885448,1.1734417344173442,0.0101393188854489,9.466531777336591,8.116118431609365
Punj Lloyd Ltd,L74899DL1988PLC033314,2017,defaulter,Infrastructure,1,0.5347655924723125,0.0287157670832225,-0.2262696091465036,-0.0708635190273961,0.0113248397035556,0.0452160879340494,5.027777777777778,0.0039137313681405,9.393411647660685,8.232440158470336
Punj Lloyd Ltd,L74899DL1988PLC033314,2018,defaulter,Infrastructure,1,0.5907079646017699,0.0529687115052968,0.0780980537078098,0.0350663716814159,-0.224004424778761,0.0285398230088495,1.2,-0.0168141592920353,9.109414453386222,8.308691916838898
REI Agro,L14200WB1994PLC104573,2014,defaulter,FMCG / Foods / Agro,1,0.5989350372736955,0.150121600707495,-0.008401503426929,-0.0040468583599574,0.2614483493077742,0.1066027689030884,1.4742268041237114,-0.0002129925452609,9.147400572202308,8.416930769477844
REI Agro,L14200WB1994PLC104573,2015,defaulter,FMCG / Foods / Agro,1,1.449591280653951,-2.7338362068965516,-2.9601293103448274,-1.3609115679960366,-0.7208323012137726,-0.0089175130047064,0.0070949940875049,-0.030468169432747,8.30325712085294,7.526178913346146
REI Agro,L14200WB1994PLC104573,2016,defaulter,FMCG / Foods / Agro,1,1.9165852069077876,-1.6226053639846745,-2.0613026819923372,-0.3506028022157054,-1.2987943955685892,0.0293255131964809,-0.1062573789846517,-0.0208536982730531,8.029107054619736,6.257667587882639
Rajesh Exports Limited,L36911KA1990PLC020815,2015,non_defaulter,Gems & Jewellery,0,0.2464094802601919,0.0198844906247527,0.0069622089190115,0.0170026405616023,0.1810394796161525,0.2439621304823855,5.023872679045093,0.2589038449153088,9.65033572298117,10.543207584713212
Rajesh Exports Limited,L36911KA1990PLC020815,2016,non_defaulter,Gems & Jewellery,0,0.23384518631099,0.0212512310164308,0.0123101643082983,0.0248938734867145,0.1703789109585451,0.037838687699806,0.8804878048780488,0.0285100361616267,9.85644835453034,10.56064479536292
Rajesh Exports Limited,L36911KA1990PLC020815,2017,non_defaulter,Gems & Jewellery,0,0.2563800179253738,0.0186660140606923,0.0102562961644567,0.0217463087881503,0.1751025991792065,0.0752865701212321,1.9022646007151371,0.1000990612764753,9.961709289736252,10.713261545027793
Raymond Limited,L17117MH1925PLC001208,2015,non_defaulter,Textiles,0,0.4228715048696198,0.132703213610586,0.0378071833648393,0.0314169022934338,0.3474709393653786,0.0471253534401508,0.4273504273504273,-0.001885014137606,8.065579427282092,7.8804263442924
Raymond Limited,L17117MH1925PLC001208,2016,non_defaulter,Textiles,0,0.4548581255374033,0.1285816618911174,0.0265042979942693,0.0212095156205216,0.3319002579535683,0.0518773287474921,0.5041782729805014,-0.0014330753797649,8.157370441186774,7.934513463882263
Raymond Limited,L17117MH1925PLC001208,2017,non_defaulter,Textiles,0,0.4450915141430948,0.0995747696669029,0.0120481927710843,0.00942872989462,0.3225180255130338,0.0635052689961175,0.8149466192170819,-0.0005546311702717,8.190354403763262,7.945201132412759
Ruchi Soya Industries Ltd,L15140MH1986PLC038536,2014,defaulter,FMCG / Foods / Agro,1,0.2384240454914703,0.0324432960091874,0.0005332020835896,0.0010560519902518,0.1844029244516653,0.2803411860276198,4.3628318584070795,0.0039805036555645,9.4181672191785,10.101559419421314
Ruchi Soya Industries Ltd,L15140MH1986PLC038536,2015,defaulter,FMCG / Foods / Agro,1,0.2630022361682175,0.0265296029390984,0.0021548678818708,0.0044002019764841,0.1542956070114693,-0.036644304984491,-0.6764314247669774,-0.0023083026761884,9.536978699538375,10.250899729195677
Ruchi Soya Industries Ltd,L15140MH1986PLC038536,2016,defaulter,FMCG / Foods / Agro,1,0.3192317043520544,0.0069695218835764,-0.0383504261158457,-0.0645514223194748,0.1463651835643083,-0.0054704595185995,-0.466321243523316,0.0007293946024799,9.708202329350314,10.228898841797916
S Kumars Nationwide,L17120MH1990PLC058361,2011,defaulter,Textiles,1,0.5941807044410413,0.2218967411204687,0.0633467594287806,0.0378472981842047,0.257055348938963,-0.0275650842266462,-0.2079207920792079,-0.0008750820389411,8.427487278331744,7.912423121473705
S Kumars Nationwide,L17120MH1990PLC058361,2012,defaulter,Textiles,1,0.5826558265582655,0.2253237410071942,0.0517985611510791,0.0348432055749128,0.2338366240805265,0.1142082849399922,0.7535121328224776,-0.0003871467286101,8.549853973655786,8.153349757998892
S Kumars Nationwide,L17120MH1990PLC058361,2013,defaulter,Textiles,1,0.6359384135646073,0.075348561257787,-0.1228122218926134,-0.0806860261157669,0.1609822646657571,0.0339115182225687,0.6850393700787402,0.0001948937828883,8.543055850941965,8.12296471523406
SKF India Limited,L29130MH1961PLC011980,2014,non_defaulter,Engineering / Manufacturing,0,0.0,0.1491300745650373,0.084092792046396,0.1062271062271062,0.7132391418105704,0.1140763997906855,0.6055555555555555,0.0638409209837781,7.555381944240273,7.789040401657477
SKF India Limited,L29130MH1961PLC011980,2016,non_defaulter,Engineering / Manufacturing,0,0.0302466263378315,0.1541541541541541,0.0854187520854187,0.1191251744997673,0.7501163331782225,0.0120986505351326,0.0562770562770562,-0.0460679385760819,7.67275789664251,8.005367067316664
SKF India Limited,L29130MH1961PLC011980,2017,non_defaulter,Engineering / Manufacturing,0,0.0147569444444444,0.1611554541999239,0.0927404028886355,0.1059027777777777,0.7630208333333334,0.0499131944444444,0.2712264150943396,0.0590277777777777,7.742402021815782,7.875119281040293
SVOGL Oil Gas and Energy,L74899DL1989PLC038542,2013,defaulter,Oil & Gas / Energy,1,0.5941023417172593,0.4329608938547486,0.0353817504655493,0.0082393755420641,0.212489158716392,0.0114917606244579,0.1139784946236559,-0.0080225498699045,8.436416881388949,6.97914527506881
SVOGL Oil Gas and Energy,L74899DL1989PLC038542,2014,defaulter,Oil & Gas / Energy,1,0.7379981884057971,-0.7184873949579832,-2.2142857142857144,-0.119338768115942,0.1014492753623188,-0.2255434782608695,5.824561403508772,-0.0063405797101449,8.392989587956931,5.472270673671475
SVOGL Oil Gas and Energy,L74899DL1989PLC038542,2015,defaulter,Oil & Gas / Energy,1,0.8638655462184874,-0.0634920634920634,-4.626984126984127,-0.1399759903961584,-0.0021608643457382,-0.0825930372148859,43.0,0.0048019207683073,8.334471554600944,4.836281906951478
Schaeffler India Limited,L29130GJ1962PLC001167,2015,non_defaulter,Engineering / Manufacturing,0,0.0,0.2121566335476329,0.1151373465809468,0.1190332326283988,0.7691842900302115,0.1099697885196374,0.5013774104683195,-0.034441087613293,7.411556287811163,7.444833273892193
Schaeffler India Limited,L29130GJ1962PLC001167,2016,non_defaulter,Engineering / Manufacturing,0,0.0,0.2033426183844011,0.1086350974930362,0.105177993527508,0.7869471413160734,0.1040992448759439,0.5287671232876713,0.0172599784250269,7.5251007461258,7.492760300922379
Schaeffler India Limited,L29130GJ1962PLC001167,2017,non_defaulter,Engineering / Manufacturing,0,0.0216981132075471,0.1872621162141588,0.0984521695001268,0.1220125786163522,0.7261006289308176,0.1261006289308176,0.5433604336043361,0.0135220125786163,8.064636475774222,8.279189777195004
Senco Gold Limited,L36911WB1994PLC063674,2018,non_defaulter,Gems & Jewellery,0,0.5012787723785166,0.0758465011286681,0.0325056433408577,0.0613810741687979,0.3205456095481671,-0.0409207161125319,-0.2857142857142857,0.0255754475703324,7.067319848653476,7.703007682479236
Senco Gold Limited,L36911WB1994PLC063674,2019,non_defaulter,Gems & Jewellery,0,0.4783347493627867,0.0704508856682769,0.0301932367149758,0.0637213254035684,0.3423959218351741,0.0407816482582837,0.2742857142857143,-0.0569243840271877,7.0707241072602764,7.81762544305337
Senco Gold Limited,L36911WB1994PLC063674,2020,non_defaulter,Gems & Jewellery,0,0.3869908015768725,0.0958677685950413,0.0376033057851239,0.0597897503285151,0.3186596583442838,0.1195795006570302,0.7844827586206896,0.0026281208935611,7.327780538421632,7.791522819150732
Shree Ganesh Jewellery House,L36911WB2002PLC095086,2013,defaulter,Gems & Jewellery,1,0.106013916500994,0.0522568282841208,0.0275224283934297,0.0450511218403862,0.275738426583357,0.0310973445044021,0.3635476976073378,0.0222575262709457,8.636503948400788,9.129300584049968
Shree Ganesh Jewellery House,L36911WB2002PLC095086,2014,defaulter,Gems & Jewellery,1,0.629904958650267,-0.0478625036365818,-0.0785166001061983,-0.1707227521957715,0.1991068723057425,-0.3015511402971341,2.897581399302899,-0.1659916968762649,8.416530512511953,9.193261352291197
Shree Ganesh Jewellery House,L36911WB2002PLC095086,2015,defaulter,Gems & Jewellery,1,0.6987204175746212,0.1699861872298712,-1.6940025843247335,-0.1926645720366898,0.0353646176455683,-0.001135154310039,-0.0587155963302752,-0.0454036385749759,8.280609727735326,6.106711035112369
Shree Renuka Sugars Limited,L01542KA1995PLC019046,2020,defaulter,FMCG / Foods / Agro,1,0.3380129589632829,0.0764847687924611,-0.1207538899846592,-0.0850046282011724,-0.0481332921937673,0.1263498920086393,2.346704871060172,0.0023141005862388,8.776784383701493,8.425735580927402
Shree Renuka Sugars Limited,L01542KA1995PLC019046,2021,defaulter,FMCG / Foods / Agro,1,0.5399147727272727,0.1417223325510019,0.0101101281819823,0.0079545454545454,0.0004261363636363,-0.2176136363636363,-1.951592356687898,-0.0018465909090909,8.859363449152088,8.619569258033104
Shree Renuka Sugars Limited,L01542KA1995PLC019046,2022,defaulter,FMCG / Foods / Agro,1,0.5864066694927229,0.1139591836734693,0.0184489795918367,0.0159672177476331,0.0471951391832697,0.0291083792567472,0.2951289398280802,-0.0015543309311855,8.864605368075784,8.720134035412928
Shri Lakshmi Cotsyn,L17122UP1988PLC009985,2015,defaulter,Textiles,1,1.494562853414528,-1.1519434628975265,-1.6501766784452296,-0.4062635928664637,-0.5576337538060027,-0.0704654197477164,0.2484662576687116,-0.001739886907351,7.740229524763182,6.338594078203183
Shri Lakshmi Cotsyn,L17122UP1988PLC009985,2016,defaulter,Textiles,1,1.6564051638530288,-0.1116504854368932,-0.3495145631067961,-0.0714995034756703,-0.7080436941410129,0.0049652432969215,-0.217391304347826,-0.0004965243296921,7.607878073278507,6.021023349349527
Shri Lakshmi Cotsyn,L17122UP1988PLC009985,2017,defaulter,Textiles,1,1.904297994269341,-0.5901639344262295,-0.8918032786885246,-0.1558739255014326,-0.9730659025787964,0.0074498567335243,-0.0722222222222222,-0.0,7.464509834636528,5.720311776607412
Sical Logistics Ltd,L51909TN1955PLC002431,2018,defaulter,Logistics,1,0.5273657289002558,0.1191806331471136,0.0270018621973929,0.0148337595907928,0.2670076726342711,0.0445012787723785,0.6796875,-0.0179028132992327,7.578145472419466,6.97914527506881
Sical Logistics Ltd,L51909TN1955PLC002431,2019,defaulter,Logistics,1,0.5014395393474088,0.1143514965464313,0.0237912509593246,0.0148752399232245,0.2610364683301343,-0.0211132437619961,-0.2953020134228188,0.0009596928982725,7.642044402873258,7.172424577124845
Sical Logistics Ltd,L51909TN1955PLC002431,2020,defaulter,Logistics,1,0.4377279833246482,-0.013142174432497,-0.1003584229390681,-0.0437727983324648,0.239187076602397,0.1120375195414278,-19.545454545454547,0.0,7.5595594960077,6.729824070489475
Siemens Limited,L28920MH1957PLC010839,2015,non_defaulter,Engineering / Manufacturing,0,0.0,0.1845509893455099,0.1125380517503805,0.1123670212765957,0.4801481762917933,0.0587006079027355,0.3185567010309278,0.0926101823708206,9.261793653565098,9.260272740724393
Siemens Limited,L28920MH1957PLC010839,2016,non_defaulter,Engineering / Manufacturing,0,0.0,0.3888066604995374,0.2698427382053654,0.244018738497574,0.564664547431822,0.0424962355696837,0.1208660480609088,-0.0722770620712732,9.3888212293842,9.288226910633254
Siemens Limited,L28920MH1957PLC010839,2017,non_defaulter,Engineering / Manufacturing,0,0.0,0.1723104857013163,0.1029505220154335,0.0864131677207955,0.5817267393126572,0.042215956717214,0.291886195995785,0.1224567553150956,9.482121694896287,9.307013259236443
Simbhaoli Sugars Ltd,L15122UP2011PLC044210,2021,defaulter,FMCG / Foods / Agro,1,0.4959114959114959,0.0490894695170229,-0.0031670625494853,-0.0019240019240019,-0.0278980278980278,0.011063011063011,0.3709677419354839,-0.0033670033670033,7.639642287858013,7.141245122350491
Simbhaoli Sugars Ltd,L15122UP2011PLC044210,2022,defaulter,FMCG / Foods / Agro,1,0.5175394001016776,0.0458149779735682,-0.0088105726872246,-0.0050838840874428,-0.0340620233858668,0.0228774783934926,0.8653846153846154,-0.0040671072699542,7.584264818389059,7.034387929915503
Simbhaoli Sugars Ltd,L15122UP2011PLC044210,2023,defaulter,FMCG / Foods / Agro,1,0.522703818369453,0.0214521452145214,-0.0255775577557755,-0.0159958720330237,-0.0515995872033023,0.0036119711042311,0.2692307692307692,-0.0067079463364293,7.569411792450712,7.10002716662926
SpiceJet Ltd,L51909DL1984PLC288239,2021,defaulter,Travel / Aviation / Hospitality,1,0.0938818565400844,0.2265731541009156,-0.1944282096240015,-0.0877285513361462,-0.2788326300984529,0.0198663853727144,0.1943250214961307,8.790436005625879e-05,9.339261152043022,8.543445562560303
SpiceJet Ltd,L51909DL1984PLC288239,2022,defaulter,Travel / Aviation / Hospitality,1,0.875,0.0077779472319658,-0.2630776269635504,-0.1811974789915966,-0.5136554621848739,0.1027310924369747,19.176470588235293,-0.0021008403361344,9.161150127785412,8.788288460263619
SpiceJet Ltd,L51909DL1984PLC288239,2023,defaulter,Travel / Aviation / Hospitality,1,0.7147859922178988,0.0025933025143759,-0.1694666817003044,-0.1462062256809338,-0.3728599221789883,0.0090466926070038,4.043478260869565,0.0022373540856031,9.237955539009157,9.090317329376452
Steel Authority of India Limited,L27109DL1973GOI006454,2014,non_defaulter,Steel & Metals,0,0.2743015244398633,0.1269139089913458,0.056177121137286,0.0283838767427982,0.4181196766668475,0.0638311723539304,0.9954314720812184,-0.0006727065588889,11.431335727930271,10.748647414747458
Steel Authority of India Limited,L27109DL1973GOI006454,2015,non_defaulter,Steel & Metals,0,0.3003556287798115,0.1223390275952693,0.0458388085851949,0.0210263004560888,0.395551626449137,0.0275662534407586,0.4912280701754385,-0.0005525305901026,11.50833494463585,10.728977920083787
Steel Authority of India Limited,L27109DL1973GOI006454,2016,non_defaulter,Steel & Metals,0,0.3478381925937711,-0.0595158209879729,-0.1037784545501471,-0.0399844874905532,0.3486834254802911,0.0377868819856012,-1.647875108412836,-0.000159102660992,11.51854961972045,10.56478280364689
Sun Pharmaceutical Industries Limited,L24230GJ1993PLC019050,2014,non_defaulter,Pharma,0,0.1677109440267335,-0.9476846942382467,-1.0,-0.1969507101086048,0.5013227513227513,-0.167432470064049,0.897053338306602,-0.0100946811473127,9.572480355345974,7.947678571301568
Sun Pharmaceutical Industries Limited,L24230GJ1993PLC019050,2015,non_defaulter,Pharma,0,0.181888586230839,-0.0432237169905331,-0.1836073741903338,-0.039363349890509,0.6029749505955242,0.0039790631843187,-0.4293948126801152,0.0031244992789617,10.530655174162098,8.990690709916228
Sun Pharmaceutical Industries Limited,L24230GJ1993PLC019050,2016,non_defaulter,Pharma,0,0.1701103134302223,-0.0057002202357818,-0.1409509003756963,-0.0317515904978696,0.6318216307710267,-0.0365960427245666,28.5,0.0004961186015292,10.441908887892918,8.951440100949855
Surya Pharmaceutical,L24232DL1992PLC227186,2012,defaulter,Pharma,1,0.7782117443576512,-0.1189388984190845,-0.1681496748077848,-0.1280749743850051,0.1067839786432042,0.1812131637573672,-2.000311284046693,-0.0026319994736001,7.662778063260149,7.3905393888422415
Surya Pharmaceutical,L24232DL1992PLC227186,2013,defaulter,Pharma,1,0.9344429684556972,-3.117657561149795,-5.388502053204785,-0.1495975176953427,-0.0369817792493605,0.0820578146995261,-0.9480586416218074,-0.0013135198366278,7.609604486835983,4.025530246221741
Surya Pharmaceutical,L24232DL1992PLC227186,2014,defaulter,Pharma,1,1.3086722956991683,-50.16060126582278,-57.49762658227848,-0.4709530258749732,-0.5193009285959603,,,,7.3416069815290514,2.5368663887187113
Suzlon Energy Ltd,L40100GJ1995PLC025447,2016,defaulter,Oil & Gas / Energy,1,0.5052066384640417,0.2627061595422417,0.0636149444631437,0.030751708428246,-0.0325414904002603,0.126505043931012,0.9961563100576554,0.0021965506020175,9.416703923250376,8.689801056022553
Suzlon Energy Ltd,L40100GJ1995PLC025447,2017,defaulter,Oil & Gas / Energy,1,0.4270350063264445,0.1839714471122647,0.0385031364914557,0.0250246028398706,0.0012652889076339,0.1968930127934767,1.6466784244562025,0.0041473358639111,9.56282655529346,9.13194630454817
Suzlon Energy Ltd,L40100GJ1995PLC025447,2018,defaulter,Oil & Gas / Energy,1,0.5729304571295071,0.0814790028442362,-0.1934080642462774,-0.0900241414220076,-0.0552916439529631,-0.0619889416712094,-1.6344969199178645,0.0228175375749552,9.460398455831276,8.695674048824253
TBZ - The Bride's Jeweller,L27205MH2007PLC167425,2015,non_defaulter,Gems & Jewellery,0,0.4533437013996889,0.0537745604963805,0.0134436401240951,0.0202177293934681,0.3102643856920684,0.0147744945567651,0.1826923076923076,-0.0054432348367029,7.1592919047975645,7.56734567601324
TBZ - The Bride's Jeweller,L27205MH2007PLC167425,2016,non_defaulter,Gems & Jewellery,0,0.5007704160246533,0.029607250755287,-0.0138972809667673,-0.0177195685670261,0.2896764252696456,0.0069337442218798,0.1836734693877551,0.0015408320493066,7.168579897264035,7.411556287811163
TBZ - The Bride's Jeweller,L27205MH2007PLC167425,2017,non_defaulter,Gems & Jewellery,0,0.4597989949748743,0.0473372781065088,0.0100591715976331,0.0142378559463986,0.3341708542713568,0.1281407035175879,1.9125,-0.0008375209380234,7.085064293952548,7.432483807917119
Tata Elxsi Limited,L85110KA1989PLC009968,2015,non_defaulter,IT / Services,0,0.0,0.2143698468786808,0.1213191990577149,0.221505376344086,0.5419354838709678,0.3075268817204301,0.7857142857142857,0.1784946236559139,6.142037405587356,6.744059186311348
Tata Elxsi Limited,L85110KA1989PLC009968,2016,non_defaulter,IT / Services,0,0.0,0.241860465116279,0.1441860465116279,0.2583333333333333,0.5916666666666667,0.2016666666666666,0.4653846153846154,0.0816666666666666,6.396929655216146,6.980075940561763
Tata Elxsi Limited,L85110KA1989PLC009968,2017,non_defaulter,IT / Services,0,0.0,0.2360549717057397,0.1414713015359741,0.2447552447552447,0.737062937062937,0.2013986013986014,0.4931506849315068,0.1678321678321678,6.5722825426940075,7.1204443723924875
Tata Steel Limited,L27100WB1907PLC001473,2014,non_defaulter,Steel & Metals,0,0.2514139048991354,0.3227925487281533,0.1537244371988204,0.0577449567723342,0.5419398414985591,0.1119686599423631,0.923425430778372,-0.0110860951008645,11.617645775740632,10.638520161969526
Tata Steel Limited,L27100WB1907PLC001473,2015,non_defaulter,Steel & Metals,0,0.2433715390457778,0.2987435682661242,0.1540983606557377,0.0555737761513498,0.5669750742249534,0.0418766830076641,0.3886886165184651,-0.0042032037561278,11.660172368480692,10.640292702435536
Tata Steel Limited,L27100WB1907PLC001473,2016,non_defaulter,Steel & Metals,0,0.2934337956884906,0.1660090412605503,0.0249810551621416,0.0090948874555244,0.4560857735411077,0.0701333789980402,1.1603966629938611,0.0045664706889662,11.562800754463876,10.552395447950312
Thermax Limited,L29299PN1980PLC022787,2015,non_defaulter,Engineering / Manufacturing,0,0.0209539014168828,0.126222029111449,0.0729958722572235,0.0670524845340251,0.4476152464577929,0.058670923967272,0.5060240963855421,0.008181999600878,8.519390774959724,8.434463543817241
Thermax Limited,L29299PN1980PLC022787,2016,non_defaulter,Engineering / Manufacturing,0,0.0193947144075021,0.1127247579529737,0.0684647302904564,0.0632992327365729,0.4940323955669224,0.0613810741687979,0.588957055214724,-0.0002131287297527,8.453614209773367,8.37516869138682
Thermax Limited,L29299PN1980PLC022787,2017,non_defaulter,Engineering / Manufacturing,0,0.0143603133159268,0.0913921360255047,0.0385228480340063,0.0315491731940818,0.5191470844212358,0.0752828546562228,1.005813953488372,0.0174064403829416,8.432941638968646,8.23323750070527
Timken India Limited,L29130KA1996PLC048230,2015,non_defaulter,Engineering / Manufacturing,0,0.0051282051282051,0.1511879049676026,0.0874730021598272,0.1384615384615384,0.6324786324786325,0.0717948717948717,0.3,-0.0119658119658119,6.371611847231857,6.8308742346461795
Timken India Limited,L29130KA1996PLC048230,2016,non_defaulter,Engineering / Manufacturing,0,0.0056980056980056,0.1583493282149712,0.0882917466410748,0.131054131054131,0.6581196581196581,0.1438746438746438,0.6121212121212121,0.0512820512820512,6.553933404025811,6.948897222313312
Timken India Limited,L29130KA1996PLC048230,2017,non_defaulter,Engineering / Manufacturing,0,0.0091220068415051,0.1590909090909091,0.0918560606060606,0.1106043329532497,0.6271379703534777,0.1870011402508551,0.9761904761904762,0.0387685290763968,6.776506992372183,6.962243464266207
Titan Company Limited,L74999TZ1984PLC001456,2015,non_defaulter,Gems & Jewellery,0,0.0170299727520436,0.102831219020415,0.0691422330504914,0.1401566757493188,0.5114100817438693,0.0865122615803814,0.4150326797385621,-0.1055858310626703,8.677950570294351,9.38454574816788
Titan Company Limited,L74999TZ1984PLC001456,2016,non_defaulter,Gems & Jewellery,0,0.0179137603043753,0.0917538794658967,0.0629736557199567,0.1106531388712745,0.546290424857324,0.0898858592263792,0.5575221238938053,-0.0141090678503487,8.74957394808293,9.31325790598287
Titan Company Limited,L74999TZ1984PLC001456,2017,non_defaulter,Gems & Jewellery,0,0.2244529935080548,0.0901760099247887,0.0590835077925098,0.0916085597499399,0.5076941572493388,0.2125510940129839,1.5202063628546862,0.0711709545563837,9.026177120302856,9.464750005164392
Trident Limited,L17119PB1990PLC010365,2015,non_defaulter,Textiles,0,0.5728241563055062,0.1860776439089692,0.0315930388219544,0.0261989342806394,0.2102575488454706,0.1207815275310834,0.7827338129496403,-0.0004440497335701,8.412721169819527,8.225503097566918
Trident Limited,L17119PB1990PLC010365,2016,non_defaulter,Textiles,0,0.5384260682446972,0.2084583901773533,0.0660300136425648,0.0371964340608668,0.2929603442975714,0.0819243774976944,0.6976439790575916,0.0001537042729787,8.780480107033297,8.206583614320753
Trident Limited,L17119PB1990PLC010365,2017,non_defaulter,Textiles,0,0.4632520325203252,0.2146415421269222,0.0729911197747455,0.0547967479674796,0.3601626016260162,0.1626016260162601,1.0090817356205852,0.0037398373983739,8.724207360800564,8.43750042250699
UltraTech Cement Limited,L26940MH2000PLC128420,2014,non_defaulter,Cement,0,0.1747328090340794,0.2139393314073462,0.1106066859265373,0.0720575384822208,0.5654029710291053,0.1089601398131343,0.7817699541837473,0.0045372050816696,10.30071885571719,9.87220326249636
UltraTech Cement Limited,L26940MH2000PLC128420,2015,non_defaulter,Cement,0,0.2105352832599744,0.2083884806718086,0.0919629409885445,0.0572199346869231,0.5277012636660514,0.115944909839557,0.8942181340341656,-0.0017890103649013,10.469227407179512,9.99474407280768
UltraTech Cement Limited,L26940MH2000PLC128420,2016,non_defaulter,Cement,0,0.2154553289284688,0.2154456113712092,0.0999620397317474,0.0618944399467237,0.5577550860515526,0.1137081820793397,0.8523884103367267,0.0003917369616881,10.55297016060981,10.073610001873083
Unity Infraprojects,L99999MH1997PLC107153,2014,defaulter,Infrastructure,1,0.5751671997673742,0.1318565400843881,0.0031645569620253,0.0017446932247746,0.2407676650189008,-0.0633905205001453,-0.872,0.0040709508578075,8.142936010432265,7.547501682814967
Unity Infraprojects,L99999MH1997PLC107153,2015,defaulter,Infrastructure,1,0.68528494471222,-0.040207522697795,-0.4409857328145266,-0.0963992061241848,0.1584916359512333,-0.2392968528494471,27.225806451612904,-0.0311879784519421,8.168202930236053,6.647688373563329
Unity Infraprojects,L99999MH1997PLC107153,2016,defaulter,Infrastructure,1,0.8278639618138425,-0.5511811023622047,-1.4173228346456692,-0.1610978520286396,0.0122315035799522,-0.0170047732696897,0.2714285714285714,0.0014916467780429,8.117312461601975,5.942799375126701
Vaibhav Global Limited,L36911RJ1989PLC004945,2015,non_defaulter,Gems & Jewellery,0,0.1079136690647482,0.1262376237623762,0.0742574257425742,0.0539568345323741,0.7571942446043165,0.0953237410071942,1.03921568627451,0.0503597122302158,6.320768294250582,6.0014148779611505
Vaibhav Global Limited,L36911RJ1989PLC004945,2016,non_defaulter,Gems & Jewellery,0,0.1469194312796208,0.1052631578947368,0.0498614958448753,0.0284360189573459,0.7014218009478673,-0.0726698262243285,-1.2105263157894737,-0.0489731437598736,6.450470422144176,5.8888779583328805
Vaibhav Global Limited,L36911RJ1989PLC004945,2017,non_defaulter,Gems & Jewellery,0,0.1141045958795562,0.0850622406639004,0.0456431535269709,0.0348652931854199,0.7527733755942948,0.0522979397781299,0.8048780487804879,0.0095087163232963,6.447305862541213,6.1779441140506
Varun Industries,L28990MH1996PLC097945,2011,defaulter,Steel & Metals,1,0.4197848456501403,0.0582101626127731,0.0134847944717141,0.0180395825308608,0.1983299400209101,0.1983207689062528,2.5467553880579437,0.1253828940369412,7.68742871888117,7.978434376719701
Varun Industries,L28990MH1996PLC097945,2012,defaulter,Steel & Metals,1,0.5721485940976723,0.0432731021215131,-0.0494424409150298,-0.0733029530220048,0.1246939903656321,-0.1090904023300862,-1.7003837520816738,-0.1101309512196255,7.674482792518733,8.068274504204503
Varun Industries,L28990MH1996PLC097945,2013,defaulter,Steel & Metals,1,0.6540607979394166,1.0746890436231626,-0.2052014521216449,-0.015418600699382,0.1020274923309454,-0.006949102519385,-0.0860560416435928,-0.0392575103073882,7.712560106584871,5.124142534889851
Videocon Industries Ltd,L99999MH1986PLC103624,2015,defaulter,Engineering / Manufacturing,1,0.6276797972330763,0.2551863720694889,-0.0047225501770956,-0.001478508818249,0.2632801774210582,0.1679163586439962,2.1017845340383343,-0.0046995458865772,10.54207294510339,9.380758024267314
Videocon Industries Ltd,L99999MH1986PLC103624,2016,defaulter,Engineering / Manufacturing,1,0.6276797972330763,0.2551863720694889,-0.0047225501770956,-0.001478508818249,0.2632801774210582,0.1679163586439962,2.1017845340383343,-0.0046995458865772,10.54207294510339,9.380758024267314
Videocon Industries Ltd,L99999MH1986PLC103624,2017,defaulter,Engineering / Manufacturing,1,0.5740991529249316,0.1474110450590161,-0.1792022055656069,-0.0552324809474494,0.2522371810191455,0.1291324782920417,2.842197545295149,-0.0025757455057224,10.536327248486318,9.359363643368622
Visa Steel Limited,L51109OR1996PLC004601,2019,defaulter,Steel & Metals,1,0.7331206804891015,-0.008695652173913,-0.0819875776397515,-0.0350877192982456,0.0026581605528973,0.0292397660818713,-7.857142857142857,-0.0085061137692716,7.53955882930103,6.690842277418564
Visa Steel Limited,L51109OR1996PLC004601,2020,defaulter,Steel & Metals,1,0.7487548422800221,-0.057471264367816,-0.2442528735632184,-0.0470392916436081,-0.0448256779192031,0.0071942446043165,-0.65,0.0033204205866076,7.499423290592229,5.8522024797744745
Visa Steel Limited,L51109OR1996PLC004601,2021,defaulter,Steel & Metals,1,0.9148099606815204,-0.3649754500818331,-0.4746317512274959,-0.1900393184796854,-0.2437745740498034,0.0104849279161205,-0.0717488789237668,0.001310615989515,7.330405211844402,6.415096959171596
Welspun India Limited,L17119GJ1985PLC033347,2015,non_defaulter,Textiles,0,0.5110834887093433,0.2580865603644647,0.1161731207289293,0.1056556867619639,0.2759477936606588,0.1334162005386368,0.5684024713150927,-0.0014501760928112,8.481980435660493,8.387084506069217
Welspun India Limited,L17119GJ1985PLC033347,2016,non_defaulter,Textiles,0,0.4785527788138754,0.283725690890481,0.1326509723643807,0.1208504289444237,0.335509138381201,0.237224916076091,0.9177489177489178,-0.0180902648265572,8.587092318795905,8.493924564476883
Welspun India Limited,L17119GJ1985PLC033347,2017,non_defaulter,Textiles,0,0.4382202304737516,0.173789679021103,0.0544422769994679,0.049135723431498,0.3362676056338028,0.1043533930857874,0.6653061224489796,0.0041613316261203,8.740016691519521,8.637462023807181
Winsome Diamonds and Jewellery,L36910GJ1985PLC015915,2010,defaulter,Gems & Jewellery,1,0.1797047970479705,0.0470859400724399,0.0217319723411261,0.0243542435424354,0.2782287822878229,0.0239852398523985,0.4545454545454545,0.0383763837638376,7.904703913873747,8.01862546504575
Winsome Diamonds and Jewellery,L36910GJ1985PLC015915,2011,defaulter,Gems & Jewellery,1,0.1510548523206751,0.0435185185185185,0.0259259259259259,0.0315049226441631,0.2509142053445851,0.0419127988748241,0.7925531914893617,0.0517580872011251,8.176110342237342,8.371010681238156
Winsome Diamonds and Jewellery,L36910GJ1985PLC015915,2012,defaulter,Gems & Jewellery,1,0.1107050730868443,0.0380385794122949,0.0173066522444564,0.0206362854686156,0.2478503869303525,-0.0466466036113499,-1.028436018957346,-0.0217110920034393,8.445052513638554,8.621012520055235
